class_name,scientific_name,file,observation_id,observation_url,observer,license_code
daara-randanakaya,Lycodon carinatus,external/inaturalist/daara-randanakaya/367023989_670228709.jpg,367023989,https://www.inaturalist.org/observations/367023989,alanvannorman,cc-by-nc
daara-randanakaya,Lycodon carinatus,external/inaturalist/daara-randanakaya/363984874_664441139.jpg,363984874,https://www.inaturalist.org/observations/363984874,alice__lee,cc-by-nc
daara-randanakaya,Lycodon carinatus,external/inaturalist/daara-randanakaya/363597148_663723754.jpg,363597148,https://www.inaturalist.org/observations/363597148,hylaregilla,cc-by-nc
daara-randanakaya,Lycodon carinatus,external/inaturalist/daara-randanakaya/350778566_640066349.jpg,350778566,https://www.inaturalist.org/observations/350778566,brechtheusequin,cc-by-nc
daara-randanakaya,Lycodon carinatus,external/inaturalist/daara-randanakaya/350292072_639109243.jpg,350292072,https://www.inaturalist.org/observations/350292072,gomenwl,cc-by-nc
daara-randanakaya,Lycodon carinatus,external/inaturalist/daara-randanakaya/349477956_637522162.jpg,349477956,https://www.inaturalist.org/observations/349477956,yuihongchiu,cc-by-nc
daara-randanakaya,Lycodon carinatus,external/inaturalist/daara-randanakaya/349477956_637522160.jpg,349477956,https://www.inaturalist.org/observations/349477956,yuihongchiu,cc-by-nc
daara-randanakaya,Lycodon carinatus,external/inaturalist/daara-randanakaya/348065758_634736731.jpg,348065758,https://www.inaturalist.org/observations/348065758,unboundexpeditions,cc-by-nc
daara-randanakaya,Lycodon carinatus,external/inaturalist/daara-randanakaya/345861767_630371461.jpg,345861767,https://www.inaturalist.org/observations/345861767,tation,cc-by-nc
daara-randanakaya,Lycodon carinatus,external/inaturalist/daara-randanakaya/345612761_629880425.jpg,345612761,https://www.inaturalist.org/observations/345612761,shanelle97,cc-by-nc
daara-randanakaya,Lycodon carinatus,external/inaturalist/daara-randanakaya/345612761_629880492.jpg,345612761,https://www.inaturalist.org/observations/345612761,shanelle97,cc-by-nc
daara-randanakaya,Lycodon carinatus,external/inaturalist/daara-randanakaya/345612761_629880433.jpg,345612761,https://www.inaturalist.org/observations/345612761,shanelle97,cc-by-nc
daara-randanakaya,Lycodon carinatus,external/inaturalist/daara-randanakaya/345612761_629880561.jpg,345612761,https://www.inaturalist.org/observations/345612761,shanelle97,cc-by-nc
daara-randanakaya,Lycodon carinatus,external/inaturalist/daara-randanakaya/342947656_624596359.jpg,342947656,https://www.inaturalist.org/observations/342947656,aegolius99,cc-by-nc
daara-randanakaya,Lycodon carinatus,external/inaturalist/daara-randanakaya/342947656_624596382.jpg,342947656,https://www.inaturalist.org/observations/342947656,aegolius99,cc-by-nc
daara-randanakaya,Lycodon carinatus,external/inaturalist/daara-randanakaya/339807491_618235134.jpg,339807491,https://www.inaturalist.org/observations/339807491,jimjimjim,cc-by-nc
daara-randanakaya,Lycodon carinatus,external/inaturalist/daara-randanakaya/339807491_618235177.jpg,339807491,https://www.inaturalist.org/observations/339807491,jimjimjim,cc-by-nc
daara-randanakaya,Lycodon carinatus,external/inaturalist/daara-randanakaya/339807491_618235203.jpg,339807491,https://www.inaturalist.org/observations/339807491,jimjimjim,cc-by-nc
daara-randanakaya,Lycodon carinatus,external/inaturalist/daara-randanakaya/334508094_607480948.jpg,334508094,https://www.inaturalist.org/observations/334508094,mike_hoit,cc-by-nc
daara-randanakaya,Lycodon carinatus,external/inaturalist/daara-randanakaya/328782720_595850415.jpg,328782720,https://www.inaturalist.org/observations/328782720,bradley_morley1,cc-by-nc
daara-randanakaya,Lycodon carinatus,external/inaturalist/daara-randanakaya/328683536_595649670.jpg,328683536,https://www.inaturalist.org/observations/328683536,hermitthrush28,cc-by-nc
daara-randanakaya,Lycodon carinatus,external/inaturalist/daara-randanakaya/311866340_563009529.jpg,311866340,https://www.inaturalist.org/observations/311866340,leekelai,cc-by-nc
daara-randanakaya,Lycodon carinatus,external/inaturalist/daara-randanakaya/301874528_544002114.jpg,301874528,https://www.inaturalist.org/observations/301874528,shanelle97,cc-by-nc
daara-randanakaya,Lycodon carinatus,external/inaturalist/daara-randanakaya/301874528_544002166.jpg,301874528,https://www.inaturalist.org/observations/301874528,shanelle97,cc-by-nc
daara-randanakaya,Lycodon carinatus,external/inaturalist/daara-randanakaya/301874528_548403623.jpg,301874528,https://www.inaturalist.org/observations/301874528,shanelle97,cc-by-nc
daara-randanakaya,Lycodon carinatus,external/inaturalist/daara-randanakaya/301874528_548403654.jpg,301874528,https://www.inaturalist.org/observations/301874528,shanelle97,cc-by-nc
daara-randanakaya,Lycodon carinatus,external/inaturalist/daara-randanakaya/301874528_548403686.jpg,301874528,https://www.inaturalist.org/observations/301874528,shanelle97,cc-by-nc
daara-randanakaya,Lycodon carinatus,external/inaturalist/daara-randanakaya/290619522_522823786.jpg,290619522,https://www.inaturalist.org/observations/290619522,ededwarddd,cc-by-nc
daara-randanakaya,Lycodon carinatus,external/inaturalist/daara-randanakaya/290347397_522308488.jpg,290347397,https://www.inaturalist.org/observations/290347397,ededwarddd,cc-by-nc
daara-randanakaya,Lycodon carinatus,external/inaturalist/daara-randanakaya/268914519_483434439.jpg,268914519,https://www.inaturalist.org/observations/268914519,michals,cc-by-nc
daara-randanakaya,Lycodon carinatus,external/inaturalist/daara-randanakaya/267709504_481130777.jpg,267709504,https://www.inaturalist.org/observations/267709504,wolpertinger-rus,cc-by-nc
daara-randanakaya,Lycodon carinatus,external/inaturalist/daara-randanakaya/259437610_465716761.jpg,259437610,https://www.inaturalist.org/observations/259437610,ruseva,cc-by
daara-randanakaya,Lycodon carinatus,external/inaturalist/daara-randanakaya/259437610_465716760.jpg,259437610,https://www.inaturalist.org/observations/259437610,ruseva,cc-by
daara-randanakaya,Lycodon carinatus,external/inaturalist/daara-randanakaya/256463513_459833669.jpg,256463513,https://www.inaturalist.org/observations/256463513,m_burger,cc0
daara-randanakaya,Lycodon carinatus,external/inaturalist/daara-randanakaya/252259708_451542296.jpg,252259708,https://www.inaturalist.org/observations/252259708,andrewkruger,cc-by-nc
daara-randanakaya,Lycodon carinatus,external/inaturalist/daara-randanakaya/224596209_398090670.jpg,224596209,https://www.inaturalist.org/observations/224596209,myworldofbirdphotography,cc-by-nc
daara-randanakaya,Lycodon carinatus,external/inaturalist/daara-randanakaya/223008219_395094839.jpg,223008219,https://www.inaturalist.org/observations/223008219,sanjaya_kanishka,cc-by-nc
daara-randanakaya,Lycodon carinatus,external/inaturalist/daara-randanakaya/206790135_365704301.jpg,206790135,https://www.inaturalist.org/observations/206790135,rumethj,cc-by-nc
daara-randanakaya,Lycodon carinatus,external/inaturalist/daara-randanakaya/203354436_359277478.jpg,203354436,https://www.inaturalist.org/observations/203354436,bel_li,cc-by-nc
daara-randanakaya,Lycodon carinatus,external/inaturalist/daara-randanakaya/199059183_350973192.jpg,199059183,https://www.inaturalist.org/observations/199059183,fabiominati,cc-by-nc
daara-randanakaya,Lycodon carinatus,external/inaturalist/daara-randanakaya/194288401_341477271.jpg,194288401,https://www.inaturalist.org/observations/194288401,lucaghess,cc-by-nc
daara-randanakaya,Lycodon carinatus,external/inaturalist/daara-randanakaya/182817593_318826869.jpg,182817593,https://www.inaturalist.org/observations/182817593,ilockwood,cc-by-nc
daara-randanakaya,Lycodon carinatus,external/inaturalist/daara-randanakaya/182483306_318181062.jpg,182483306,https://www.inaturalist.org/observations/182483306,rumethj,cc-by-nc
daara-randanakaya,Lycodon carinatus,external/inaturalist/daara-randanakaya/154475655_266918267.jpg,154475655,https://www.inaturalist.org/observations/154475655,astrapia,cc-by-nc
daara-randanakaya,Lycodon carinatus,external/inaturalist/daara-randanakaya/154398811_266780556.jpg,154398811,https://www.inaturalist.org/observations/154398811,tanhuizhen,cc-by-nc
daara-randanakaya,Lycodon carinatus,external/inaturalist/daara-randanakaya/154389361_266763896.jpg,154389361,https://www.inaturalist.org/observations/154389361,astrapia,cc-by-nc
daara-randanakaya,Lycodon carinatus,external/inaturalist/daara-randanakaya/154389361_266763908.jpg,154389361,https://www.inaturalist.org/observations/154389361,astrapia,cc-by-nc
daara-randanakaya,Lycodon carinatus,external/inaturalist/daara-randanakaya/154389361_266763921.jpg,154389361,https://www.inaturalist.org/observations/154389361,astrapia,cc-by-nc
daara-randanakaya,Lycodon carinatus,external/inaturalist/daara-randanakaya/150916734_260317576.jpg,150916734,https://www.inaturalist.org/observations/150916734,shaveen_madushka,cc-by-nc
daara-randanakaya,Lycodon carinatus,external/inaturalist/daara-randanakaya/125597336_213005500.jpg,125597336,https://www.inaturalist.org/observations/125597336,marco_mora,cc-by-nc
daara-randanakaya,Lycodon carinatus,external/inaturalist/daara-randanakaya/125597336_213008548.jpg,125597336,https://www.inaturalist.org/observations/125597336,marco_mora,cc-by-nc
daara-randanakaya,Lycodon carinatus,external/inaturalist/daara-randanakaya/125597336_213008556.jpg,125597336,https://www.inaturalist.org/observations/125597336,marco_mora,cc-by-nc
daara-randanakaya,Lycodon carinatus,external/inaturalist/daara-randanakaya/119369786_201781635.jpg,119369786,https://www.inaturalist.org/observations/119369786,sanjaya_kanishka,cc-by-nc
daara-randanakaya,Lycodon carinatus,external/inaturalist/daara-randanakaya/104964244_176000720.jpg,104964244,https://www.inaturalist.org/observations/104964244,natalia__pashkewich,cc-by-nc
daara-randanakaya,Lycodon carinatus,external/inaturalist/daara-randanakaya/104964244_176000724.jpg,104964244,https://www.inaturalist.org/observations/104964244,natalia__pashkewich,cc-by-nc
daara-randanakaya,Lycodon carinatus,external/inaturalist/daara-randanakaya/96573024_160459811.jpg,96573024,https://www.inaturalist.org/observations/96573024,maduka_mayuranga,cc-by-nc
daara-randanakaya,Lycodon carinatus,external/inaturalist/daara-randanakaya/96573024_160460150.jpg,96573024,https://www.inaturalist.org/observations/96573024,maduka_mayuranga,cc-by-nc
daara-randanakaya,Lycodon carinatus,external/inaturalist/daara-randanakaya/96573024_160460169.jpg,96573024,https://www.inaturalist.org/observations/96573024,maduka_mayuranga,cc-by-nc
daara-randanakaya,Lycodon carinatus,external/inaturalist/daara-randanakaya/62174000_99584267.jpg,62174000,https://www.inaturalist.org/observations/62174000,sanjaya_kanishka,cc-by-nc
daara-randanakaya,Lycodon carinatus,external/inaturalist/daara-randanakaya/45132342_71555148.jpg,45132342,https://www.inaturalist.org/observations/45132342,mread,cc-by-nc
daara-randanakaya,Lycodon carinatus,external/inaturalist/daara-randanakaya/42121630_66859712.jpg,42121630,https://www.inaturalist.org/observations/42121630,rstorey,cc-by-nc
daara-randanakaya,Lycodon carinatus,external/inaturalist/daara-randanakaya/40170635_63809348.jpg,40170635,https://www.inaturalist.org/observations/40170635,sanjaya_kanishka,cc-by-nc
daara-randanakaya,Lycodon carinatus,external/inaturalist/daara-randanakaya/36517116_57734661.jpg,36517116,https://www.inaturalist.org/observations/36517116,kinmatsu,cc-by-nc
daara-randanakaya,Lycodon carinatus,external/inaturalist/daara-randanakaya/21418536_33137219.jpg,21418536,https://www.inaturalist.org/observations/21418536,sanjaya_kanishka,cc-by-nc
daara-randanakaya,Lycodon carinatus,external/inaturalist/daara-randanakaya/19612405_30196147.jpg,19612405,https://www.inaturalist.org/observations/19612405,sanjaya_kanishka,cc-by-nc
daara-randanakaya,Lycodon carinatus,external/inaturalist/daara-randanakaya/18494153_28283986.jpg,18494153,https://www.inaturalist.org/observations/18494153,shmshwijenayaka,cc-by-nc
daara-randanakaya,Lycodon carinatus,external/inaturalist/daara-randanakaya/12047179_17271367.jpg,12047179,https://www.inaturalist.org/observations/12047179,himidu,cc-by-nc
daara-randanakaya,Lycodon carinatus,external/inaturalist/daara-randanakaya/6882180_8777365.jpg,6882180,https://www.inaturalist.org/observations/6882180,ashleytwahlberg,cc-by-nc
garandiya,Ptyas mucosa,external/inaturalist/garandiya/387832156_710228280.jpg,387832156,https://www.inaturalist.org/observations/387832156,eeveeislief,cc-by-nc
garandiya,Ptyas mucosa,external/inaturalist/garandiya/387832156_710229834.jpg,387832156,https://www.inaturalist.org/observations/387832156,eeveeislief,cc-by-nc
garandiya,Ptyas mucosa,external/inaturalist/garandiya/379576840_694332094.jpg,379576840,https://www.inaturalist.org/observations/379576840,twan3253,cc-by
garandiya,Ptyas mucosa,external/inaturalist/garandiya/379576840_694332093.jpg,379576840,https://www.inaturalist.org/observations/379576840,twan3253,cc-by
garandiya,Ptyas mucosa,external/inaturalist/garandiya/379576840_694332101.jpg,379576840,https://www.inaturalist.org/observations/379576840,twan3253,cc-by
garandiya,Ptyas mucosa,external/inaturalist/garandiya/379576840_694332132.jpg,379576840,https://www.inaturalist.org/observations/379576840,twan3253,cc-by
garandiya,Ptyas mucosa,external/inaturalist/garandiya/378663804_692575160.jpg,378663804,https://www.inaturalist.org/observations/378663804,loan43263,cc-by-nc
garandiya,Ptyas mucosa,external/inaturalist/garandiya/376775276_688930456.jpg,376775276,https://www.inaturalist.org/observations/376775276,rattycatty,cc-by-nc
garandiya,Ptyas mucosa,external/inaturalist/garandiya/376550325_688491580.jpg,376550325,https://www.inaturalist.org/observations/376550325,nissankaw,cc-by-nc
garandiya,Ptyas mucosa,external/inaturalist/garandiya/375549012_686552455.jpg,375549012,https://www.inaturalist.org/observations/375549012,alwaysanightheron,cc-by-nc
garandiya,Ptyas mucosa,external/inaturalist/garandiya/375549007_686551685.jpg,375549007,https://www.inaturalist.org/observations/375549007,alwaysanightheron,cc-by-nc
garandiya,Ptyas mucosa,external/inaturalist/garandiya/375549007_686551688.jpg,375549007,https://www.inaturalist.org/observations/375549007,alwaysanightheron,cc-by-nc
garandiya,Ptyas mucosa,external/inaturalist/garandiya/375549007_686551679.jpg,375549007,https://www.inaturalist.org/observations/375549007,alwaysanightheron,cc-by-nc
garandiya,Ptyas mucosa,external/inaturalist/garandiya/375549007_686551726.jpg,375549007,https://www.inaturalist.org/observations/375549007,alwaysanightheron,cc-by-nc
garandiya,Ptyas mucosa,external/inaturalist/garandiya/375549007_686551737.jpg,375549007,https://www.inaturalist.org/observations/375549007,alwaysanightheron,cc-by-nc
garandiya,Ptyas mucosa,external/inaturalist/garandiya/375549007_686551749.jpg,375549007,https://www.inaturalist.org/observations/375549007,alwaysanightheron,cc-by-nc
garandiya,Ptyas mucosa,external/inaturalist/garandiya/375549007_686551828.jpg,375549007,https://www.inaturalist.org/observations/375549007,alwaysanightheron,cc-by-nc
garandiya,Ptyas mucosa,external/inaturalist/garandiya/375549007_686551809.jpg,375549007,https://www.inaturalist.org/observations/375549007,alwaysanightheron,cc-by-nc
garandiya,Ptyas mucosa,external/inaturalist/garandiya/375549007_686551823.jpg,375549007,https://www.inaturalist.org/observations/375549007,alwaysanightheron,cc-by-nc
garandiya,Ptyas mucosa,external/inaturalist/garandiya/375549007_686551833.jpg,375549007,https://www.inaturalist.org/observations/375549007,alwaysanightheron,cc-by-nc
garandiya,Ptyas mucosa,external/inaturalist/garandiya/375549005_686550919.jpg,375549005,https://www.inaturalist.org/observations/375549005,alwaysanightheron,cc-by-nc
garandiya,Ptyas mucosa,external/inaturalist/garandiya/375549005_686550946.jpg,375549005,https://www.inaturalist.org/observations/375549005,alwaysanightheron,cc-by-nc
garandiya,Ptyas mucosa,external/inaturalist/garandiya/375549005_686550931.jpg,375549005,https://www.inaturalist.org/observations/375549005,alwaysanightheron,cc-by-nc
garandiya,Ptyas mucosa,external/inaturalist/garandiya/373909946_683381437.jpg,373909946,https://www.inaturalist.org/observations/373909946,thenura_akash,cc-by-nc
garandiya,Ptyas mucosa,external/inaturalist/garandiya/373909946_683381546.jpg,373909946,https://www.inaturalist.org/observations/373909946,thenura_akash,cc-by-nc
garandiya,Ptyas mucosa,external/inaturalist/garandiya/372861972_681375736.jpg,372861972,https://www.inaturalist.org/observations/372861972,hirosho,cc-by-nc
garandiya,Ptyas mucosa,external/inaturalist/garandiya/366905918_669994558.jpg,366905918,https://www.inaturalist.org/observations/366905918,kadynbeard10,cc-by-nc
garandiya,Ptyas mucosa,external/inaturalist/garandiya/363603457_663734942.jpg,363603457,https://www.inaturalist.org/observations/363603457,kadynbeard10,cc-by-nc
garandiya,Ptyas mucosa,external/inaturalist/garandiya/363603457_663734981.jpg,363603457,https://www.inaturalist.org/observations/363603457,kadynbeard10,cc-by-nc
garandiya,Ptyas mucosa,external/inaturalist/garandiya/363418750_663377630.jpg,363418750,https://www.inaturalist.org/observations/363418750,malik_touil,cc-by-nc
garandiya,Ptyas mucosa,external/inaturalist/garandiya/361350819_659459994.jpg,361350819,https://www.inaturalist.org/observations/361350819,carsten_renker,cc-by-nc
garandiya,Ptyas mucosa,external/inaturalist/garandiya/359739450_656386448.jpg,359739450,https://www.inaturalist.org/observations/359739450,backpackercha,cc-by-nc
garandiya,Ptyas mucosa,external/inaturalist/garandiya/359739450_656386446.jpg,359739450,https://www.inaturalist.org/observations/359739450,backpackercha,cc-by-nc
garandiya,Ptyas mucosa,external/inaturalist/garandiya/359739450_656386442.jpg,359739450,https://www.inaturalist.org/observations/359739450,backpackercha,cc-by-nc
garandiya,Ptyas mucosa,external/inaturalist/garandiya/359739450_656386492.jpg,359739450,https://www.inaturalist.org/observations/359739450,backpackercha,cc-by-nc
garandiya,Ptyas mucosa,external/inaturalist/garandiya/359739450_656386524.jpg,359739450,https://www.inaturalist.org/observations/359739450,backpackercha,cc-by-nc
garandiya,Ptyas mucosa,external/inaturalist/garandiya/359246045_655427057.jpg,359246045,https://www.inaturalist.org/observations/359246045,alwaysanightheron,cc-by-nc
garandiya,Ptyas mucosa,external/inaturalist/garandiya/359246045_655427061.jpg,359246045,https://www.inaturalist.org/observations/359246045,alwaysanightheron,cc-by-nc
garandiya,Ptyas mucosa,external/inaturalist/garandiya/359246045_655427067.jpg,359246045,https://www.inaturalist.org/observations/359246045,alwaysanightheron,cc-by-nc
garandiya,Ptyas mucosa,external/inaturalist/garandiya/357562862_652176138.jpg,357562862,https://www.inaturalist.org/observations/357562862,gayanaka,cc-by-nc
garandiya,Ptyas mucosa,external/inaturalist/garandiya/357163493_651395448.jpg,357163493,https://www.inaturalist.org/observations/357163493,gayanaka,cc-by-nc
garandiya,Ptyas mucosa,external/inaturalist/garandiya/356477132_650086797.jpg,356477132,https://www.inaturalist.org/observations/356477132,nirnanenuka10_,cc-by-nc
garandiya,Ptyas mucosa,external/inaturalist/garandiya/356166877_649507435.jpg,356166877,https://www.inaturalist.org/observations/356166877,iamnadil,cc-by-nc
garandiya,Ptyas mucosa,external/inaturalist/garandiya/356029295_649256607.jpg,356029295,https://www.inaturalist.org/observations/356029295,leuli,cc-by-nc
garandiya,Ptyas mucosa,external/inaturalist/garandiya/356029295_649256588.jpg,356029295,https://www.inaturalist.org/observations/356029295,leuli,cc-by-nc
garandiya,Ptyas mucosa,external/inaturalist/garandiya/355985017_649182185.jpg,355985017,https://www.inaturalist.org/observations/355985017,sewmini_niwarthana,cc-by-nc
garandiya,Ptyas mucosa,external/inaturalist/garandiya/355308671_648030240.jpg,355308671,https://www.inaturalist.org/observations/355308671,nadeesha5,cc-by-nc
garandiya,Ptyas mucosa,external/inaturalist/garandiya/354436792_646578916.jpg,354436792,https://www.inaturalist.org/observations/354436792,jehan10,cc-by-nc
garandiya,Ptyas mucosa,external/inaturalist/garandiya/353379439_644819512.jpg,353379439,https://www.inaturalist.org/observations/353379439,wowpreschool,cc-by-nc
garandiya,Ptyas mucosa,external/inaturalist/garandiya/353379439_644820704.jpg,353379439,https://www.inaturalist.org/observations/353379439,wowpreschool,cc-by-nc
garandiya,Ptyas mucosa,external/inaturalist/garandiya/347194632_633549571.jpg,347194632,https://www.inaturalist.org/observations/347194632,paulfaessen,cc-by-nc
garandiya,Ptyas mucosa,external/inaturalist/garandiya/346104303_630844350.jpg,346104303,https://www.inaturalist.org/observations/346104303,shiromy,cc-by-nc
garandiya,Ptyas mucosa,external/inaturalist/garandiya/345449212_629559683.jpg,345449212,https://www.inaturalist.org/observations/345449212,kiribaz,cc-by-nc
garandiya,Ptyas mucosa,external/inaturalist/garandiya/345449212_629559679.jpg,345449212,https://www.inaturalist.org/observations/345449212,kiribaz,cc-by-nc
garandiya,Ptyas mucosa,external/inaturalist/garandiya/345449212_629559689.jpg,345449212,https://www.inaturalist.org/observations/345449212,kiribaz,cc-by-nc
garandiya,Ptyas mucosa,external/inaturalist/garandiya/344630218_627962889.jpg,344630218,https://www.inaturalist.org/observations/344630218,upaal,cc-by-nc
garandiya,Ptyas mucosa,external/inaturalist/garandiya/343778488_626295354.jpg,343778488,https://www.inaturalist.org/observations/343778488,avinashperera,cc-by-nc
garandiya,Ptyas mucosa,external/inaturalist/garandiya/343778488_626295338.jpg,343778488,https://www.inaturalist.org/observations/343778488,avinashperera,cc-by-nc
garandiya,Ptyas mucosa,external/inaturalist/garandiya/342709017_624131595.jpg,342709017,https://www.inaturalist.org/observations/342709017,rossfurbush,cc-by-nc
garandiya,Ptyas mucosa,external/inaturalist/garandiya/341505600_621708766.jpg,341505600,https://www.inaturalist.org/observations/341505600,haasbene,cc-by-nc
garandiya,Ptyas mucosa,external/inaturalist/garandiya/341505600_621708762.jpg,341505600,https://www.inaturalist.org/observations/341505600,haasbene,cc-by-nc
garandiya,Ptyas mucosa,external/inaturalist/garandiya/341505556_621708335.jpg,341505556,https://www.inaturalist.org/observations/341505556,haasbene,cc-by-nc
garandiya,Ptyas mucosa,external/inaturalist/garandiya/341505556_621710294.jpg,341505556,https://www.inaturalist.org/observations/341505556,haasbene,cc-by-nc
garandiya,Ptyas mucosa,external/inaturalist/garandiya/341502700_621702835.jpg,341502700,https://www.inaturalist.org/observations/341502700,legolas1,cc-by-nc
garandiya,Ptyas mucosa,external/inaturalist/garandiya/341502700_621702787.jpg,341502700,https://www.inaturalist.org/observations/341502700,legolas1,cc-by-nc
garandiya,Ptyas mucosa,external/inaturalist/garandiya/341502700_621702810.jpg,341502700,https://www.inaturalist.org/observations/341502700,legolas1,cc-by-nc
garandiya,Ptyas mucosa,external/inaturalist/garandiya/341502700_621702832.jpg,341502700,https://www.inaturalist.org/observations/341502700,legolas1,cc-by-nc
garandiya,Ptyas mucosa,external/inaturalist/garandiya/341061661_620795347.jpg,341061661,https://www.inaturalist.org/observations/341061661,zhentu199,cc-by-nc
garandiya,Ptyas mucosa,external/inaturalist/garandiya/341061661_620796660.jpg,341061661,https://www.inaturalist.org/observations/341061661,zhentu199,cc-by-nc
garandiya,Ptyas mucosa,external/inaturalist/garandiya/341061661_620796662.jpg,341061661,https://www.inaturalist.org/observations/341061661,zhentu199,cc-by-nc
garandiya,Ptyas mucosa,external/inaturalist/garandiya/340298860_619241419.jpg,340298860,https://www.inaturalist.org/observations/340298860,pasindu_dilshan,cc-by-nc
garandiya,Ptyas mucosa,external/inaturalist/garandiya/340255810_619160046.jpg,340255810,https://www.inaturalist.org/observations/340255810,emil33008,cc-by-nc
garandiya,Ptyas mucosa,external/inaturalist/garandiya/339002094_617077596.jpg,339002094,https://www.inaturalist.org/observations/339002094,giles63,cc-by-nc
garandiya,Ptyas mucosa,external/inaturalist/garandiya/339002094_617077652.jpg,339002094,https://www.inaturalist.org/observations/339002094,giles63,cc-by-nc
garandiya,Ptyas mucosa,external/inaturalist/garandiya/339002094_617077755.jpg,339002094,https://www.inaturalist.org/observations/339002094,giles63,cc-by-nc
garandiya,Ptyas mucosa,external/inaturalist/garandiya/339002094_617077708.jpg,339002094,https://www.inaturalist.org/observations/339002094,giles63,cc-by-nc
garandiya,Ptyas mucosa,external/inaturalist/garandiya/339002094_617077828.jpg,339002094,https://www.inaturalist.org/observations/339002094,giles63,cc-by-nc
garandiya,Ptyas mucosa,external/inaturalist/garandiya/337264614_613056923.jpg,337264614,https://www.inaturalist.org/observations/337264614,dhfischer,cc-by
garandiya,Ptyas mucosa,external/inaturalist/garandiya/337264614_613056936.jpg,337264614,https://www.inaturalist.org/observations/337264614,dhfischer,cc-by
garandiya,Ptyas mucosa,external/inaturalist/garandiya/336078983_610655641.jpg,336078983,https://www.inaturalist.org/observations/336078983,ngaunt,cc-by-nc
mudu-karawala,Bungarus ceylonicus,external/inaturalist/mudu-karawala/341806701_622320098.jpg,341806701,https://www.inaturalist.org/observations/341806701,wildscale_chronicles,cc-by-nc
mudu-karawala,Bungarus ceylonicus,external/inaturalist/mudu-karawala/341806701_622320153.jpg,341806701,https://www.inaturalist.org/observations/341806701,wildscale_chronicles,cc-by-nc
mudu-karawala,Bungarus ceylonicus,external/inaturalist/mudu-karawala/341806701_622320341.jpg,341806701,https://www.inaturalist.org/observations/341806701,wildscale_chronicles,cc-by-nc
mudu-karawala,Bungarus ceylonicus,external/inaturalist/mudu-karawala/306018581_551817677.jpg,306018581,https://www.inaturalist.org/observations/306018581,vinolperera,cc-by-nc
mudu-karawala,Bungarus ceylonicus,external/inaturalist/mudu-karawala/306018581_552275466.jpg,306018581,https://www.inaturalist.org/observations/306018581,vinolperera,cc-by-nc
mudu-karawala,Bungarus ceylonicus,external/inaturalist/mudu-karawala/283929371_510219301.jpg,283929371,https://www.inaturalist.org/observations/283929371,kevin_morales_mclernon,cc-by-nc
mudu-karawala,Bungarus ceylonicus,external/inaturalist/mudu-karawala/270447804_486379296.jpg,270447804,https://www.inaturalist.org/observations/270447804,sahanfdo,cc-by-nc
mudu-karawala,Bungarus ceylonicus,external/inaturalist/mudu-karawala/270447804_486379375.jpg,270447804,https://www.inaturalist.org/observations/270447804,sahanfdo,cc-by-nc
mudu-karawala,Bungarus ceylonicus,external/inaturalist/mudu-karawala/267138958_480034725.jpg,267138958,https://www.inaturalist.org/observations/267138958,vinolperera,cc-by-nc
mudu-karawala,Bungarus ceylonicus,external/inaturalist/mudu-karawala/267138958_480034820.jpg,267138958,https://www.inaturalist.org/observations/267138958,vinolperera,cc-by-nc
mudu-karawala,Bungarus ceylonicus,external/inaturalist/mudu-karawala/261328821_469470984.jpg,261328821,https://www.inaturalist.org/observations/261328821,jeanjacquesgodon,cc-by-nc
mudu-karawala,Bungarus ceylonicus,external/inaturalist/mudu-karawala/261328821_469471004.jpg,261328821,https://www.inaturalist.org/observations/261328821,jeanjacquesgodon,cc-by-nc
mudu-karawala,Bungarus ceylonicus,external/inaturalist/mudu-karawala/261328821_469471024.jpg,261328821,https://www.inaturalist.org/observations/261328821,jeanjacquesgodon,cc-by-nc
mudu-karawala,Bungarus ceylonicus,external/inaturalist/mudu-karawala/242216972_431801524.jpg,242216972,https://www.inaturalist.org/observations/242216972,vinolperera,cc-by-nc
mudu-karawala,Bungarus ceylonicus,external/inaturalist/mudu-karawala/242216972_431802030.jpg,242216972,https://www.inaturalist.org/observations/242216972,vinolperera,cc-by-nc
mudu-karawala,Bungarus ceylonicus,external/inaturalist/mudu-karawala/234812255_417503141.jpg,234812255,https://www.inaturalist.org/observations/234812255,kaveeshakeerthirathna,cc-by-nc
mudu-karawala,Bungarus ceylonicus,external/inaturalist/mudu-karawala/217498505_384779511.jpg,217498505,https://www.inaturalist.org/observations/217498505,kaveeshakeerthirathna,cc-by-nc
mudu-karawala,Bungarus ceylonicus,external/inaturalist/mudu-karawala/217498505_384779554.jpg,217498505,https://www.inaturalist.org/observations/217498505,kaveeshakeerthirathna,cc-by-nc
mudu-karawala,Bungarus ceylonicus,external/inaturalist/mudu-karawala/204354714_361198505.jpg,204354714,https://www.inaturalist.org/observations/204354714,dilangamadushan,cc-by-nc
mudu-karawala,Bungarus ceylonicus,external/inaturalist/mudu-karawala/194288020_341476686.jpg,194288020,https://www.inaturalist.org/observations/194288020,lucaghess,cc-by-nc
mudu-karawala,Bungarus ceylonicus,external/inaturalist/mudu-karawala/182804333_318802689.jpg,182804333,https://www.inaturalist.org/observations/182804333,kaveeshakeerthirathna,cc-by-nc
mudu-karawala,Bungarus ceylonicus,external/inaturalist/mudu-karawala/179529446_312571987.jpg,179529446,https://www.inaturalist.org/observations/179529446,kaveeshakeerthirathna,cc-by-nc
mudu-karawala,Bungarus ceylonicus,external/inaturalist/mudu-karawala/177612235_308935655.jpg,177612235,https://www.inaturalist.org/observations/177612235,kaveeshakeerthirathna,cc-by-nc
mudu-karawala,Bungarus ceylonicus,external/inaturalist/mudu-karawala/163809714_283369398.jpg,163809714,https://www.inaturalist.org/observations/163809714,kaveeshakeerthirathna,cc-by-nc
mudu-karawala,Bungarus ceylonicus,external/inaturalist/mudu-karawala/152992925_264181865.jpg,152992925,https://www.inaturalist.org/observations/152992925,pramukaattanayaka,cc-by-nc
mudu-karawala,Bungarus ceylonicus,external/inaturalist/mudu-karawala/152992925_264181907.jpg,152992925,https://www.inaturalist.org/observations/152992925,pramukaattanayaka,cc-by-nc
mudu-karawala,Bungarus ceylonicus,external/inaturalist/mudu-karawala/152992925_264181925.jpg,152992925,https://www.inaturalist.org/observations/152992925,pramukaattanayaka,cc-by-nc
mudu-karawala,Bungarus ceylonicus,external/inaturalist/mudu-karawala/152992925_264207183.jpg,152992925,https://www.inaturalist.org/observations/152992925,pramukaattanayaka,cc-by-nc
mudu-karawala,Bungarus ceylonicus,external/inaturalist/mudu-karawala/152992925_264207199.jpg,152992925,https://www.inaturalist.org/observations/152992925,pramukaattanayaka,cc-by-nc
mudu-karawala,Bungarus ceylonicus,external/inaturalist/mudu-karawala/88026967_145191601.jpg,88026967,https://www.inaturalist.org/observations/88026967,damith_danthanarayana,cc-by-nc
mudu-karawala,Bungarus ceylonicus,external/inaturalist/mudu-karawala/69660323_113079709.jpg,69660323,https://www.inaturalist.org/observations/69660323,thilinahettiarachchi,cc-by-nc
mudu-karawala,Bungarus ceylonicus,external/inaturalist/mudu-karawala/29770373_46479354.jpg,29770373,https://www.inaturalist.org/observations/29770373,sanjaya_kanishka,cc-by-nc
mudu-karawala,Bungarus ceylonicus,external/inaturalist/mudu-karawala/18124359_27711640.jpg,18124359,https://www.inaturalist.org/observations/18124359,workmonk,cc-by-nc
mudu-karawala,Bungarus ceylonicus,external/inaturalist/mudu-karawala/18124359_27711645.jpg,18124359,https://www.inaturalist.org/observations/18124359,workmonk,cc-by-nc
mudu-karawala,Bungarus ceylonicus,external/inaturalist/mudu-karawala/18124359_27711651.jpg,18124359,https://www.inaturalist.org/observations/18124359,workmonk,cc-by-nc
mudu-karawala,Bungarus ceylonicus,external/inaturalist/mudu-karawala/13411788_19675523.jpg,13411788,https://www.inaturalist.org/observations/13411788,sanjaya_kanishka,cc-by-nc
nidi-mapila,Boiga ceylonensis,external/inaturalist/nidi-mapila/380043485_695240508.jpg,380043485,https://www.inaturalist.org/observations/380043485,jehan10,cc-by-nc
nidi-mapila,Boiga ceylonensis,external/inaturalist/nidi-mapila/374644309_684799410.jpg,374644309,https://www.inaturalist.org/observations/374644309,shanelle97,cc-by-nc
nidi-mapila,Boiga ceylonensis,external/inaturalist/nidi-mapila/369718741_675364307.jpg,369718741,https://www.inaturalist.org/observations/369718741,shanelle97,cc-by-nc
nidi-mapila,Boiga ceylonensis,external/inaturalist/nidi-mapila/369718741_675364338.jpg,369718741,https://www.inaturalist.org/observations/369718741,shanelle97,cc-by-nc
nidi-mapila,Boiga ceylonensis,external/inaturalist/nidi-mapila/369718741_675364327.jpg,369718741,https://www.inaturalist.org/observations/369718741,shanelle97,cc-by-nc
nidi-mapila,Boiga ceylonensis,external/inaturalist/nidi-mapila/366115785_668492793.jpg,366115785,https://www.inaturalist.org/observations/366115785,rumethj,cc-by-nc
nidi-mapila,Boiga ceylonensis,external/inaturalist/nidi-mapila/366115785_672278387.jpg,366115785,https://www.inaturalist.org/observations/366115785,rumethj,cc-by-nc
nidi-mapila,Boiga ceylonensis,external/inaturalist/nidi-mapila/361893418_660489294.jpg,361893418,https://www.inaturalist.org/observations/361893418,nirnanenuka10_,cc-by-nc
nidi-mapila,Boiga ceylonensis,external/inaturalist/nidi-mapila/359804995_656506782.jpg,359804995,https://www.inaturalist.org/observations/359804995,saluni,cc-by-nc
nidi-mapila,Boiga ceylonensis,external/inaturalist/nidi-mapila/355136485_647774191.jpg,355136485,https://www.inaturalist.org/observations/355136485,jehan10,cc-by-nc
nidi-mapila,Boiga ceylonensis,external/inaturalist/nidi-mapila/354138653_646095923.jpg,354138653,https://www.inaturalist.org/observations/354138653,jehan10,cc-by-nc
nidi-mapila,Boiga ceylonensis,external/inaturalist/nidi-mapila/354138653_646095987.jpg,354138653,https://www.inaturalist.org/observations/354138653,jehan10,cc-by-nc
nidi-mapila,Boiga ceylonensis,external/inaturalist/nidi-mapila/354138653_646096056.jpg,354138653,https://www.inaturalist.org/observations/354138653,jehan10,cc-by-nc
nidi-mapila,Boiga ceylonensis,external/inaturalist/nidi-mapila/350847337_640194942.jpg,350847337,https://www.inaturalist.org/observations/350847337,kennethlam,cc-by-nc
nidi-mapila,Boiga ceylonensis,external/inaturalist/nidi-mapila/350847337_640194929.jpg,350847337,https://www.inaturalist.org/observations/350847337,kennethlam,cc-by-nc
nidi-mapila,Boiga ceylonensis,external/inaturalist/nidi-mapila/348251422_635104532.jpg,348251422,https://www.inaturalist.org/observations/348251422,leuli,cc-by-nc
nidi-mapila,Boiga ceylonensis,external/inaturalist/nidi-mapila/348067153_634739669.jpg,348067153,https://www.inaturalist.org/observations/348067153,unboundexpeditions,cc-by-nc
nidi-mapila,Boiga ceylonensis,external/inaturalist/nidi-mapila/348064768_634734800.jpg,348064768,https://www.inaturalist.org/observations/348064768,unboundexpeditions,cc-by-nc
nidi-mapila,Boiga ceylonensis,external/inaturalist/nidi-mapila/347832439_634272047.jpg,347832439,https://www.inaturalist.org/observations/347832439,jehan10,cc-by-nc
nidi-mapila,Boiga ceylonensis,external/inaturalist/nidi-mapila/347832439_634272108.jpg,347832439,https://www.inaturalist.org/observations/347832439,jehan10,cc-by-nc
nidi-mapila,Boiga ceylonensis,external/inaturalist/nidi-mapila/347832439_634272169.jpg,347832439,https://www.inaturalist.org/observations/347832439,jehan10,cc-by-nc
nidi-mapila,Boiga ceylonensis,external/inaturalist/nidi-mapila/345244006_629155358.jpg,345244006,https://www.inaturalist.org/observations/345244006,priyan111,cc-by-nc
nidi-mapila,Boiga ceylonensis,external/inaturalist/nidi-mapila/345244006_629155377.jpg,345244006,https://www.inaturalist.org/observations/345244006,priyan111,cc-by-nc
nidi-mapila,Boiga ceylonensis,external/inaturalist/nidi-mapila/345244006_629155393.jpg,345244006,https://www.inaturalist.org/observations/345244006,priyan111,cc-by-nc
nidi-mapila,Boiga ceylonensis,external/inaturalist/nidi-mapila/345244006_629155408.jpg,345244006,https://www.inaturalist.org/observations/345244006,priyan111,cc-by-nc
nidi-mapila,Boiga ceylonensis,external/inaturalist/nidi-mapila/345244006_629155421.jpg,345244006,https://www.inaturalist.org/observations/345244006,priyan111,cc-by-nc
nidi-mapila,Boiga ceylonensis,external/inaturalist/nidi-mapila/345244006_629155435.jpg,345244006,https://www.inaturalist.org/observations/345244006,priyan111,cc-by-nc
nidi-mapila,Boiga ceylonensis,external/inaturalist/nidi-mapila/345244006_629155454.jpg,345244006,https://www.inaturalist.org/observations/345244006,priyan111,cc-by-nc
nidi-mapila,Boiga ceylonensis,external/inaturalist/nidi-mapila/345244006_629155469.jpg,345244006,https://www.inaturalist.org/observations/345244006,priyan111,cc-by-nc
nidi-mapila,Boiga ceylonensis,external/inaturalist/nidi-mapila/345244006_629155488.jpg,345244006,https://www.inaturalist.org/observations/345244006,priyan111,cc-by-nc
nidi-mapila,Boiga ceylonensis,external/inaturalist/nidi-mapila/345244006_629155502.jpg,345244006,https://www.inaturalist.org/observations/345244006,priyan111,cc-by-nc
nidi-mapila,Boiga ceylonensis,external/inaturalist/nidi-mapila/339807651_618235473.jpg,339807651,https://www.inaturalist.org/observations/339807651,jimjimjim,cc-by-nc
nidi-mapila,Boiga ceylonensis,external/inaturalist/nidi-mapila/339807651_618235505.jpg,339807651,https://www.inaturalist.org/observations/339807651,jimjimjim,cc-by-nc
nidi-mapila,Boiga ceylonensis,external/inaturalist/nidi-mapila/333962192_606370271.jpg,333962192,https://www.inaturalist.org/observations/333962192,priyan111,cc-by-nc
nidi-mapila,Boiga ceylonensis,external/inaturalist/nidi-mapila/333962192_606370290.jpg,333962192,https://www.inaturalist.org/observations/333962192,priyan111,cc-by-nc
nidi-mapila,Boiga ceylonensis,external/inaturalist/nidi-mapila/333962192_606370310.jpg,333962192,https://www.inaturalist.org/observations/333962192,priyan111,cc-by-nc
nidi-mapila,Boiga ceylonensis,external/inaturalist/nidi-mapila/333962192_606370325.jpg,333962192,https://www.inaturalist.org/observations/333962192,priyan111,cc-by-nc
nidi-mapila,Boiga ceylonensis,external/inaturalist/nidi-mapila/333962192_606370345.jpg,333962192,https://www.inaturalist.org/observations/333962192,priyan111,cc-by-nc
nidi-mapila,Boiga ceylonensis,external/inaturalist/nidi-mapila/333108505_604688827.jpg,333108505,https://www.inaturalist.org/observations/333108505,deshan_66,cc-by-nc
nidi-mapila,Boiga ceylonensis,external/inaturalist/nidi-mapila/321415783_581284488.jpg,321415783,https://www.inaturalist.org/observations/321415783,dilipsiri,cc-by-nc
nidi-mapila,Boiga ceylonensis,external/inaturalist/nidi-mapila/321415783_581284522.jpg,321415783,https://www.inaturalist.org/observations/321415783,dilipsiri,cc-by-nc
nidi-mapila,Boiga ceylonensis,external/inaturalist/nidi-mapila/321415783_581284552.jpg,321415783,https://www.inaturalist.org/observations/321415783,dilipsiri,cc-by-nc
nidi-mapila,Boiga ceylonensis,external/inaturalist/nidi-mapila/305198614_550249632.jpg,305198614,https://www.inaturalist.org/observations/305198614,simonhaas,cc-by-nc
nidi-mapila,Boiga ceylonensis,external/inaturalist/nidi-mapila/304714561_549315200.jpg,304714561,https://www.inaturalist.org/observations/304714561,simonhaas,cc-by-nc
nidi-mapila,Boiga ceylonensis,external/inaturalist/nidi-mapila/268914511_483434402.jpg,268914511,https://www.inaturalist.org/observations/268914511,michals,cc-by-nc
nidi-mapila,Boiga ceylonensis,external/inaturalist/nidi-mapila/248062150_443149951.jpg,248062150,https://www.inaturalist.org/observations/248062150,liuye,cc-by-nc
nidi-mapila,Boiga ceylonensis,external/inaturalist/nidi-mapila/244587418_436304513.jpg,244587418,https://www.inaturalist.org/observations/244587418,ioannis_magouras,cc-by
nidi-mapila,Boiga ceylonensis,external/inaturalist/nidi-mapila/244587418_436305716.jpg,244587418,https://www.inaturalist.org/observations/244587418,ioannis_magouras,cc-by
nidi-mapila,Boiga ceylonensis,external/inaturalist/nidi-mapila/238259080_424153535.jpg,238259080,https://www.inaturalist.org/observations/238259080,pasindu_dilshan,cc-by-nc
nidi-mapila,Boiga ceylonensis,external/inaturalist/nidi-mapila/237132484_421988444.jpg,237132484,https://www.inaturalist.org/observations/237132484,lanka_wildlife,cc-by-nc
nidi-mapila,Boiga ceylonensis,external/inaturalist/nidi-mapila/237132484_421988518.jpg,237132484,https://www.inaturalist.org/observations/237132484,lanka_wildlife,cc-by-nc
nidi-mapila,Boiga ceylonensis,external/inaturalist/nidi-mapila/237132484_421988730.jpg,237132484,https://www.inaturalist.org/observations/237132484,lanka_wildlife,cc-by-nc
nidi-mapila,Boiga ceylonensis,external/inaturalist/nidi-mapila/235478227_418792895.jpg,235478227,https://www.inaturalist.org/observations/235478227,kaveeshakeerthirathna,cc-by-nc
nidi-mapila,Boiga ceylonensis,external/inaturalist/nidi-mapila/234812837_417504080.jpg,234812837,https://www.inaturalist.org/observations/234812837,kaveeshakeerthirathna,cc-by-nc
nidi-mapila,Boiga ceylonensis,external/inaturalist/nidi-mapila/234812170_417502932.jpg,234812170,https://www.inaturalist.org/observations/234812170,kaveeshakeerthirathna,cc-by-nc
nidi-mapila,Boiga ceylonensis,external/inaturalist/nidi-mapila/229615861_407600626.jpg,229615861,https://www.inaturalist.org/observations/229615861,david_zipper,cc-by-nc
nidi-mapila,Boiga ceylonensis,external/inaturalist/nidi-mapila/222869244_394832138.jpg,222869244,https://www.inaturalist.org/observations/222869244,arabellawilling,cc-by
nidi-mapila,Boiga ceylonensis,external/inaturalist/nidi-mapila/222869244_394832330.jpg,222869244,https://www.inaturalist.org/observations/222869244,arabellawilling,cc-by
nidi-mapila,Boiga ceylonensis,external/inaturalist/nidi-mapila/222869244_394832724.jpg,222869244,https://www.inaturalist.org/observations/222869244,arabellawilling,cc-by
nidi-mapila,Boiga ceylonensis,external/inaturalist/nidi-mapila/222869244_394833130.jpg,222869244,https://www.inaturalist.org/observations/222869244,arabellawilling,cc-by
nidi-mapila,Boiga ceylonensis,external/inaturalist/nidi-mapila/198959666_350775445.jpg,198959666,https://www.inaturalist.org/observations/198959666,vinolperera,cc-by-nc
nidi-mapila,Boiga ceylonensis,external/inaturalist/nidi-mapila/198959666_350775471.jpg,198959666,https://www.inaturalist.org/observations/198959666,vinolperera,cc-by-nc
nidi-mapila,Boiga ceylonensis,external/inaturalist/nidi-mapila/195996340_344954385.jpg,195996340,https://www.inaturalist.org/observations/195996340,sakuntha2,cc-by-nc
nidi-mapila,Boiga ceylonensis,external/inaturalist/nidi-mapila/195996340_344954408.jpg,195996340,https://www.inaturalist.org/observations/195996340,sakuntha2,cc-by-nc
nidi-mapila,Boiga ceylonensis,external/inaturalist/nidi-mapila/195759135_344475144.jpg,195759135,https://www.inaturalist.org/observations/195759135,kaveeshakeerthirathna,cc-by-nc
nidi-mapila,Boiga ceylonensis,external/inaturalist/nidi-mapila/195759135_344475164.jpg,195759135,https://www.inaturalist.org/observations/195759135,kaveeshakeerthirathna,cc-by-nc
nidi-mapila,Boiga ceylonensis,external/inaturalist/nidi-mapila/195647025_344248779.jpg,195647025,https://www.inaturalist.org/observations/195647025,hokoonwong,cc-by-nc
nidi-mapila,Boiga ceylonensis,external/inaturalist/nidi-mapila/195169641_343277497.jpg,195169641,https://www.inaturalist.org/observations/195169641,kaveeshakeerthirathna,cc-by-nc
nidi-mapila,Boiga ceylonensis,external/inaturalist/nidi-mapila/194288286_341477116.jpg,194288286,https://www.inaturalist.org/observations/194288286,lucaghess,cc-by-nc
nidi-mapila,Boiga ceylonensis,external/inaturalist/nidi-mapila/194101069_341093651.jpg,194101069,https://www.inaturalist.org/observations/194101069,marco_mora,cc-by-nc
nidi-mapila,Boiga ceylonensis,external/inaturalist/nidi-mapila/194101069_341095205.jpg,194101069,https://www.inaturalist.org/observations/194101069,marco_mora,cc-by-nc
nidi-mapila,Boiga ceylonensis,external/inaturalist/nidi-mapila/194101069_341095220.jpg,194101069,https://www.inaturalist.org/observations/194101069,marco_mora,cc-by-nc
nidi-mapila,Boiga ceylonensis,external/inaturalist/nidi-mapila/193014975_338973885.jpg,193014975,https://www.inaturalist.org/observations/193014975,maduka_mayuranga,cc-by-nc
nidi-mapila,Boiga ceylonensis,external/inaturalist/nidi-mapila/193014975_338973967.jpg,193014975,https://www.inaturalist.org/observations/193014975,maduka_mayuranga,cc-by-nc
nidi-mapila,Boiga ceylonensis,external/inaturalist/nidi-mapila/189446493_331870399.jpg,189446493,https://www.inaturalist.org/observations/189446493,kaveeshakeerthirathna,cc-by-nc
nidi-mapila,Boiga ceylonensis,external/inaturalist/nidi-mapila/181568999_316417040.jpg,181568999,https://www.inaturalist.org/observations/181568999,kaveeshakeerthirathna,cc-by-nc
nidi-mapila,Boiga ceylonensis,external/inaturalist/nidi-mapila/177612308_308935798.jpg,177612308,https://www.inaturalist.org/observations/177612308,kaveeshakeerthirathna,cc-by-nc
nidi-mapila,Boiga ceylonensis,external/inaturalist/nidi-mapila/174880405_303863590.jpg,174880405,https://www.inaturalist.org/observations/174880405,kaveeshakeerthirathna,cc-by-nc
nidi-mapila,Boiga ceylonensis,external/inaturalist/nidi-mapila/174852210_303814214.jpg,174852210,https://www.inaturalist.org/observations/174852210,ravisara_jayamanna,cc-by-nc
nidi-mapila,Boiga ceylonensis,external/inaturalist/nidi-mapila/166269723_287909962.jpg,166269723,https://www.inaturalist.org/observations/166269723,kaveeshakeerthirathna,cc-by-nc
pala-polanga,Craspedocephalus trigonocephalus,external/inaturalist/pala-polanga/388437861_711420088.jpg,388437861,https://www.inaturalist.org/observations/388437861,mgendle,cc-by-nc
pala-polanga,Craspedocephalus trigonocephalus,external/inaturalist/pala-polanga/388436722_711417408.jpg,388436722,https://www.inaturalist.org/observations/388436722,thewildgtrv,cc-by-nc
pala-polanga,Craspedocephalus trigonocephalus,external/inaturalist/pala-polanga/387365500_709324737.jpg,387365500,https://www.inaturalist.org/observations/387365500,carlos_barbero_diaz,cc-by-nc
pala-polanga,Craspedocephalus trigonocephalus,external/inaturalist/pala-polanga/382742611_700441619.jpg,382742611,https://www.inaturalist.org/observations/382742611,rinnyw,cc-by-nc
pala-polanga,Craspedocephalus trigonocephalus,external/inaturalist/pala-polanga/382434321_699863036.jpg,382434321,https://www.inaturalist.org/observations/382434321,jakenewr,cc-by-nc
pala-polanga,Craspedocephalus trigonocephalus,external/inaturalist/pala-polanga/382433659_699861971.jpg,382433659,https://www.inaturalist.org/observations/382433659,jakenewr,cc-by-nc
pala-polanga,Craspedocephalus trigonocephalus,external/inaturalist/pala-polanga/382190046_699398515.jpg,382190046,https://www.inaturalist.org/observations/382190046,shanelle97,cc-by-nc
pala-polanga,Craspedocephalus trigonocephalus,external/inaturalist/pala-polanga/382190046_699398534.jpg,382190046,https://www.inaturalist.org/observations/382190046,shanelle97,cc-by-nc
pala-polanga,Craspedocephalus trigonocephalus,external/inaturalist/pala-polanga/382033808_699093977.jpg,382033808,https://www.inaturalist.org/observations/382033808,isuru_suranga,cc-by-nc
pala-polanga,Craspedocephalus trigonocephalus,external/inaturalist/pala-polanga/380579550_696277797.jpg,380579550,https://www.inaturalist.org/observations/380579550,a7h34l92,cc-by-nc
pala-polanga,Craspedocephalus trigonocephalus,external/inaturalist/pala-polanga/380579534_696277599.jpg,380579534,https://www.inaturalist.org/observations/380579534,a7h34l92,cc-by-nc
pala-polanga,Craspedocephalus trigonocephalus,external/inaturalist/pala-polanga/380579531_696277558.jpg,380579531,https://www.inaturalist.org/observations/380579531,a7h34l92,cc-by-nc
pala-polanga,Craspedocephalus trigonocephalus,external/inaturalist/pala-polanga/380579529_696277562.jpg,380579529,https://www.inaturalist.org/observations/380579529,a7h34l92,cc-by-nc
pala-polanga,Craspedocephalus trigonocephalus,external/inaturalist/pala-polanga/380341007_695817535.jpg,380341007,https://www.inaturalist.org/observations/380341007,kolya_p,cc-by-nc
pala-polanga,Craspedocephalus trigonocephalus,external/inaturalist/pala-polanga/376468135_688345317.jpg,376468135,https://www.inaturalist.org/observations/376468135,joristebbens21,cc-by-nc
pala-polanga,Craspedocephalus trigonocephalus,external/inaturalist/pala-polanga/376244108_687899266.jpg,376244108,https://www.inaturalist.org/observations/376244108,vidulsathmira,cc-by-nc
pala-polanga,Craspedocephalus trigonocephalus,external/inaturalist/pala-polanga/376244108_687901142.jpg,376244108,https://www.inaturalist.org/observations/376244108,vidulsathmira,cc-by-nc
pala-polanga,Craspedocephalus trigonocephalus,external/inaturalist/pala-polanga/371605078_678964700.jpg,371605078,https://www.inaturalist.org/observations/371605078,tree_house_chalets,cc-by-nc
pala-polanga,Craspedocephalus trigonocephalus,external/inaturalist/pala-polanga/371491092_678748194.jpg,371491092,https://www.inaturalist.org/observations/371491092,dmitry364,cc-by-nc
pala-polanga,Craspedocephalus trigonocephalus,external/inaturalist/pala-polanga/371491092_678748237.jpg,371491092,https://www.inaturalist.org/observations/371491092,dmitry364,cc-by-nc
pala-polanga,Craspedocephalus trigonocephalus,external/inaturalist/pala-polanga/371491092_678748258.jpg,371491092,https://www.inaturalist.org/observations/371491092,dmitry364,cc-by-nc
pala-polanga,Craspedocephalus trigonocephalus,external/inaturalist/pala-polanga/369683627_675298590.jpg,369683627,https://www.inaturalist.org/observations/369683627,sandrissima,cc-by-nc
pala-polanga,Craspedocephalus trigonocephalus,external/inaturalist/pala-polanga/368296539_672667242.jpg,368296539,https://www.inaturalist.org/observations/368296539,jule2045,cc-by-nc
pala-polanga,Craspedocephalus trigonocephalus,external/inaturalist/pala-polanga/365742241_667778629.jpg,365742241,https://www.inaturalist.org/observations/365742241,lloydraleigh,cc-by-nc
pala-polanga,Craspedocephalus trigonocephalus,external/inaturalist/pala-polanga/365265704_666871162.jpg,365265704,https://www.inaturalist.org/observations/365265704,vinolperera,cc-by-nc
pala-polanga,Craspedocephalus trigonocephalus,external/inaturalist/pala-polanga/365265704_666871202.jpg,365265704,https://www.inaturalist.org/observations/365265704,vinolperera,cc-by-nc
pala-polanga,Craspedocephalus trigonocephalus,external/inaturalist/pala-polanga/365045328_666450369.jpg,365045328,https://www.inaturalist.org/observations/365045328,threegee,cc-by-nc
pala-polanga,Craspedocephalus trigonocephalus,external/inaturalist/pala-polanga/364615746_665639577.jpg,364615746,https://www.inaturalist.org/observations/364615746,damigod,cc-by-nc
pala-polanga,Craspedocephalus trigonocephalus,external/inaturalist/pala-polanga/364615746_665639578.jpg,364615746,https://www.inaturalist.org/observations/364615746,damigod,cc-by-nc
pala-polanga,Craspedocephalus trigonocephalus,external/inaturalist/pala-polanga/364253797_664946039.jpg,364253797,https://www.inaturalist.org/observations/364253797,alice__lee,cc-by-nc
pala-polanga,Craspedocephalus trigonocephalus,external/inaturalist/pala-polanga/363595845_663720927.jpg,363595845,https://www.inaturalist.org/observations/363595845,hylaregilla,cc-by-nc
pala-polanga,Craspedocephalus trigonocephalus,external/inaturalist/pala-polanga/363595845_663720929.jpg,363595845,https://www.inaturalist.org/observations/363595845,hylaregilla,cc-by-nc
pala-polanga,Craspedocephalus trigonocephalus,external/inaturalist/pala-polanga/363065895_662709727.jpg,363065895,https://www.inaturalist.org/observations/363065895,emma-cd,cc-by-nc
pala-polanga,Craspedocephalus trigonocephalus,external/inaturalist/pala-polanga/362543313_661708269.jpg,362543313,https://www.inaturalist.org/observations/362543313,manta_luke,cc-by-nc
pala-polanga,Craspedocephalus trigonocephalus,external/inaturalist/pala-polanga/360445754_657715309.jpg,360445754,https://www.inaturalist.org/observations/360445754,rasang,cc-by-nc
pala-polanga,Craspedocephalus trigonocephalus,external/inaturalist/pala-polanga/360185131_657227807.jpg,360185131,https://www.inaturalist.org/observations/360185131,kenn_papadopoulo,cc-by-nc
pala-polanga,Craspedocephalus trigonocephalus,external/inaturalist/pala-polanga/360185095_657223995.jpg,360185095,https://www.inaturalist.org/observations/360185095,kenn_papadopoulo,cc-by-nc
pala-polanga,Craspedocephalus trigonocephalus,external/inaturalist/pala-polanga/359791798_656482401.jpg,359791798,https://www.inaturalist.org/observations/359791798,sadeepa,cc-by-nc
pala-polanga,Craspedocephalus trigonocephalus,external/inaturalist/pala-polanga/359790536_656479650.jpg,359790536,https://www.inaturalist.org/observations/359790536,sadeepa,cc-by-nc
pala-polanga,Craspedocephalus trigonocephalus,external/inaturalist/pala-polanga/359744390_656396208.jpg,359744390,https://www.inaturalist.org/observations/359744390,shanelle97,cc-by-nc
pala-polanga,Craspedocephalus trigonocephalus,external/inaturalist/pala-polanga/359733656_656375111.jpg,359733656,https://www.inaturalist.org/observations/359733656,backpackercha,cc-by-nc
pala-polanga,Craspedocephalus trigonocephalus,external/inaturalist/pala-polanga/359232995_655404872.jpg,359232995,https://www.inaturalist.org/observations/359232995,alwaysanightheron,cc-by-nc
pala-polanga,Craspedocephalus trigonocephalus,external/inaturalist/pala-polanga/358386194_653775756.jpg,358386194,https://www.inaturalist.org/observations/358386194,iris_mayr,cc-by-nc
pala-polanga,Craspedocephalus trigonocephalus,external/inaturalist/pala-polanga/357619512_652278793.jpg,357619512,https://www.inaturalist.org/observations/357619512,keshanperera,cc-by-nc
pala-polanga,Craspedocephalus trigonocephalus,external/inaturalist/pala-polanga/357619512_652278820.jpg,357619512,https://www.inaturalist.org/observations/357619512,keshanperera,cc-by-nc
pala-polanga,Craspedocephalus trigonocephalus,external/inaturalist/pala-polanga/357619512_652278867.jpg,357619512,https://www.inaturalist.org/observations/357619512,keshanperera,cc-by-nc
pala-polanga,Craspedocephalus trigonocephalus,external/inaturalist/pala-polanga/357619512_652278875.jpg,357619512,https://www.inaturalist.org/observations/357619512,keshanperera,cc-by-nc
pala-polanga,Craspedocephalus trigonocephalus,external/inaturalist/pala-polanga/357619512_652278890.jpg,357619512,https://www.inaturalist.org/observations/357619512,keshanperera,cc-by-nc
pala-polanga,Craspedocephalus trigonocephalus,external/inaturalist/pala-polanga/357619512_652278973.jpg,357619512,https://www.inaturalist.org/observations/357619512,keshanperera,cc-by-nc
pala-polanga,Craspedocephalus trigonocephalus,external/inaturalist/pala-polanga/357436289_651938422.jpg,357436289,https://www.inaturalist.org/observations/357436289,kavitha_k,cc-by-nc
pala-polanga,Craspedocephalus trigonocephalus,external/inaturalist/pala-polanga/357169410_651400740.jpg,357169410,https://www.inaturalist.org/observations/357169410,pasindu_dilshan,cc-by-nc
pala-polanga,Craspedocephalus trigonocephalus,external/inaturalist/pala-polanga/356508894_650129066.jpg,356508894,https://www.inaturalist.org/observations/356508894,twan3253,cc-by
pala-polanga,Craspedocephalus trigonocephalus,external/inaturalist/pala-polanga/356508894_650129065.jpg,356508894,https://www.inaturalist.org/observations/356508894,twan3253,cc-by
pala-polanga,Craspedocephalus trigonocephalus,external/inaturalist/pala-polanga/356508894_650129056.jpg,356508894,https://www.inaturalist.org/observations/356508894,twan3253,cc-by
pala-polanga,Craspedocephalus trigonocephalus,external/inaturalist/pala-polanga/356113432_649403610.jpg,356113432,https://www.inaturalist.org/observations/356113432,kaveeshakeerthirathna,cc-by-nc
pala-polanga,Craspedocephalus trigonocephalus,external/inaturalist/pala-polanga/355928132_649077649.jpg,355928132,https://www.inaturalist.org/observations/355928132,kaveeshakeerthirathna,cc-by-nc
pala-polanga,Craspedocephalus trigonocephalus,external/inaturalist/pala-polanga/355235612_647920341.jpg,355235612,https://www.inaturalist.org/observations/355235612,prabhanuka,cc-by-nc
pala-polanga,Craspedocephalus trigonocephalus,external/inaturalist/pala-polanga/355235612_647920436.jpg,355235612,https://www.inaturalist.org/observations/355235612,prabhanuka,cc-by-nc
pala-polanga,Craspedocephalus trigonocephalus,external/inaturalist/pala-polanga/355235612_647920555.jpg,355235612,https://www.inaturalist.org/observations/355235612,prabhanuka,cc-by-nc
pala-polanga,Craspedocephalus trigonocephalus,external/inaturalist/pala-polanga/355235612_647920654.jpg,355235612,https://www.inaturalist.org/observations/355235612,prabhanuka,cc-by-nc
pala-polanga,Craspedocephalus trigonocephalus,external/inaturalist/pala-polanga/354428276_646553920.jpg,354428276,https://www.inaturalist.org/observations/354428276,kaveeshakeerthirathna,cc-by-nc
pala-polanga,Craspedocephalus trigonocephalus,external/inaturalist/pala-polanga/354420311_646551422.jpg,354420311,https://www.inaturalist.org/observations/354420311,jehan10,cc-by-nc
pala-polanga,Craspedocephalus trigonocephalus,external/inaturalist/pala-polanga/354229441_646245219.jpg,354229441,https://www.inaturalist.org/observations/354229441,dhanusha2011,cc-by-nc
pala-polanga,Craspedocephalus trigonocephalus,external/inaturalist/pala-polanga/353563728_645089678.jpg,353563728,https://www.inaturalist.org/observations/353563728,tharinduweer,cc-by-nc
pala-polanga,Craspedocephalus trigonocephalus,external/inaturalist/pala-polanga/353391611_644818071.jpg,353391611,https://www.inaturalist.org/observations/353391611,janith6,cc-by-nc
pala-polanga,Craspedocephalus trigonocephalus,external/inaturalist/pala-polanga/353384390_644807299.jpg,353384390,https://www.inaturalist.org/observations/353384390,hannahfrancis2012,cc-by-nc
pala-polanga,Craspedocephalus trigonocephalus,external/inaturalist/pala-polanga/353384390_644807266.jpg,353384390,https://www.inaturalist.org/observations/353384390,hannahfrancis2012,cc-by-nc
pala-polanga,Craspedocephalus trigonocephalus,external/inaturalist/pala-polanga/353384390_644807287.jpg,353384390,https://www.inaturalist.org/observations/353384390,hannahfrancis2012,cc-by-nc
pala-polanga,Craspedocephalus trigonocephalus,external/inaturalist/pala-polanga/353384390_644807276.jpg,353384390,https://www.inaturalist.org/observations/353384390,hannahfrancis2012,cc-by-nc
pala-polanga,Craspedocephalus trigonocephalus,external/inaturalist/pala-polanga/353384390_644807271.jpg,353384390,https://www.inaturalist.org/observations/353384390,hannahfrancis2012,cc-by-nc
pala-polanga,Craspedocephalus trigonocephalus,external/inaturalist/pala-polanga/353384390_644807244.jpg,353384390,https://www.inaturalist.org/observations/353384390,hannahfrancis2012,cc-by-nc
pala-polanga,Craspedocephalus trigonocephalus,external/inaturalist/pala-polanga/353384390_644807288.jpg,353384390,https://www.inaturalist.org/observations/353384390,hannahfrancis2012,cc-by-nc
pala-polanga,Craspedocephalus trigonocephalus,external/inaturalist/pala-polanga/353384390_644807319.jpg,353384390,https://www.inaturalist.org/observations/353384390,hannahfrancis2012,cc-by-nc
pala-polanga,Craspedocephalus trigonocephalus,external/inaturalist/pala-polanga/352906035_643987308.jpg,352906035,https://www.inaturalist.org/observations/352906035,agasu,cc-by-nc
pala-polanga,Craspedocephalus trigonocephalus,external/inaturalist/pala-polanga/351645348_641721852.jpg,351645348,https://www.inaturalist.org/observations/351645348,twan3253,cc-by
pala-polanga,Craspedocephalus trigonocephalus,external/inaturalist/pala-polanga/351645348_641721851.jpg,351645348,https://www.inaturalist.org/observations/351645348,twan3253,cc-by
pala-polanga,Craspedocephalus trigonocephalus,external/inaturalist/pala-polanga/351645339_641719521.jpg,351645339,https://www.inaturalist.org/observations/351645339,twan3253,cc-by
pala-polanga,Craspedocephalus trigonocephalus,external/inaturalist/pala-polanga/351645339_641719550.jpg,351645339,https://www.inaturalist.org/observations/351645339,twan3253,cc-by
pala-polanga,Craspedocephalus trigonocephalus,external/inaturalist/pala-polanga/351645339_641719469.jpg,351645339,https://www.inaturalist.org/observations/351645339,twan3253,cc-by
pala-polanga,Craspedocephalus trigonocephalus,external/inaturalist/pala-polanga/350778561_640066302.jpg,350778561,https://www.inaturalist.org/observations/350778561,brechtheusequin,cc-by-nc
panduru-mapila,Boiga barnesii,external/inaturalist/panduru-mapila/350695372_639609287.jpg,350695372,https://www.inaturalist.org/observations/350695372,kennethlam,cc-by-nc
panduru-mapila,Boiga barnesii,external/inaturalist/panduru-mapila/350695372_639905672.jpg,350695372,https://www.inaturalist.org/observations/350695372,kennethlam,cc-by-nc
panduru-mapila,Boiga barnesii,external/inaturalist/panduru-mapila/348067285_634740029.jpg,348067285,https://www.inaturalist.org/observations/348067285,unboundexpeditions,cc-by-nc
panduru-mapila,Boiga barnesii,external/inaturalist/panduru-mapila/340016321_618664019.jpg,340016321,https://www.inaturalist.org/observations/340016321,shanelle97,cc-by-nc
panduru-mapila,Boiga barnesii,external/inaturalist/panduru-mapila/340016321_618664029.jpg,340016321,https://www.inaturalist.org/observations/340016321,shanelle97,cc-by-nc
panduru-mapila,Boiga barnesii,external/inaturalist/panduru-mapila/336240142_610978988.jpg,336240142,https://www.inaturalist.org/observations/336240142,charlotte_watte,cc-by-nc
panduru-mapila,Boiga barnesii,external/inaturalist/panduru-mapila/336106710_612109842.jpg,336106710,https://www.inaturalist.org/observations/336106710,ajmitchh,cc-by-nc
panduru-mapila,Boiga barnesii,external/inaturalist/panduru-mapila/333582938_605648822.jpg,333582938,https://www.inaturalist.org/observations/333582938,wildscale_chronicles,cc-by-nc
panduru-mapila,Boiga barnesii,external/inaturalist/panduru-mapila/325664707_589665269.jpg,325664707,https://www.inaturalist.org/observations/325664707,pasindu_dilshan,cc-by-nc
panduru-mapila,Boiga barnesii,external/inaturalist/panduru-mapila/325664704_589665245.jpg,325664704,https://www.inaturalist.org/observations/325664704,pasindu_dilshan,cc-by-nc
panduru-mapila,Boiga barnesii,external/inaturalist/panduru-mapila/325664704_589665314.jpg,325664704,https://www.inaturalist.org/observations/325664704,pasindu_dilshan,cc-by-nc
panduru-mapila,Boiga barnesii,external/inaturalist/panduru-mapila/311866357_563009697.jpg,311866357,https://www.inaturalist.org/observations/311866357,leekelai,cc-by-nc
panduru-mapila,Boiga barnesii,external/inaturalist/panduru-mapila/311866357_563009712.jpg,311866357,https://www.inaturalist.org/observations/311866357,leekelai,cc-by-nc
panduru-mapila,Boiga barnesii,external/inaturalist/panduru-mapila/307338319_554332526.jpg,307338319,https://www.inaturalist.org/observations/307338319,simonhaas,cc-by-nc
panduru-mapila,Boiga barnesii,external/inaturalist/panduru-mapila/305198621_550252458.jpg,305198621,https://www.inaturalist.org/observations/305198621,simonhaas,cc-by-nc
panduru-mapila,Boiga barnesii,external/inaturalist/panduru-mapila/301815179_543895244.jpg,301815179,https://www.inaturalist.org/observations/301815179,vinolperera,cc-by-nc
panduru-mapila,Boiga barnesii,external/inaturalist/panduru-mapila/290615341_522817776.jpg,290615341,https://www.inaturalist.org/observations/290615341,ededwarddd,cc-by-nc
panduru-mapila,Boiga barnesii,external/inaturalist/panduru-mapila/290347384_522308432.jpg,290347384,https://www.inaturalist.org/observations/290347384,ededwarddd,cc-by-nc
panduru-mapila,Boiga barnesii,external/inaturalist/panduru-mapila/290052674_521733164.jpg,290052674,https://www.inaturalist.org/observations/290052674,ededwarddd,cc-by-nc
panduru-mapila,Boiga barnesii,external/inaturalist/panduru-mapila/263171121_472735674.jpg,263171121,https://www.inaturalist.org/observations/263171121,ruchiranethmina,cc-by-nc
panduru-mapila,Boiga barnesii,external/inaturalist/panduru-mapila/263171121_472735708.jpg,263171121,https://www.inaturalist.org/observations/263171121,ruchiranethmina,cc-by-nc
panduru-mapila,Boiga barnesii,external/inaturalist/panduru-mapila/263171121_472735736.jpg,263171121,https://www.inaturalist.org/observations/263171121,ruchiranethmina,cc-by-nc
panduru-mapila,Boiga barnesii,external/inaturalist/panduru-mapila/258131845_463080519.jpg,258131845,https://www.inaturalist.org/observations/258131845,kindjay,cc-by-nc
panduru-mapila,Boiga barnesii,external/inaturalist/panduru-mapila/258131840_463080495.jpg,258131840,https://www.inaturalist.org/observations/258131840,kindjay,cc-by-nc
panduru-mapila,Boiga barnesii,external/inaturalist/panduru-mapila/258131840_463080508.jpg,258131840,https://www.inaturalist.org/observations/258131840,kindjay,cc-by-nc
panduru-mapila,Boiga barnesii,external/inaturalist/panduru-mapila/247786959_442620752.jpg,247786959,https://www.inaturalist.org/observations/247786959,shaveen_madushka,cc-by-nc
panduru-mapila,Boiga barnesii,external/inaturalist/panduru-mapila/239652915_426856965.jpg,239652915,https://www.inaturalist.org/observations/239652915,navanjana,cc-by-nc
panduru-mapila,Boiga barnesii,external/inaturalist/panduru-mapila/224549395_398002771.jpg,224549395,https://www.inaturalist.org/observations/224549395,dilangamadushan,cc-by-nc
panduru-mapila,Boiga barnesii,external/inaturalist/panduru-mapila/198959370_350774808.jpg,198959370,https://www.inaturalist.org/observations/198959370,fabiominati,cc-by-nc
panduru-mapila,Boiga barnesii,external/inaturalist/panduru-mapila/195647023_344248766.jpg,195647023,https://www.inaturalist.org/observations/195647023,hokoonwong,cc-by-nc
panduru-mapila,Boiga barnesii,external/inaturalist/panduru-mapila/195647023_344248775.jpg,195647023,https://www.inaturalist.org/observations/195647023,hokoonwong,cc-by-nc
panduru-mapila,Boiga barnesii,external/inaturalist/panduru-mapila/193972064_340840390.jpg,193972064,https://www.inaturalist.org/observations/193972064,sanjaya_kanishka,cc-by-nc
panduru-mapila,Boiga barnesii,external/inaturalist/panduru-mapila/187996757_328905154.jpg,187996757,https://www.inaturalist.org/observations/187996757,dilangamadushan,cc-by-nc
panduru-mapila,Boiga barnesii,external/inaturalist/panduru-mapila/39404873_62513259.jpg,39404873,https://www.inaturalist.org/observations/39404873,sanjaya_kanishka,cc-by-nc
panduru-mapila,Boiga barnesii,external/inaturalist/panduru-mapila/34635900_54531439.jpg,34635900,https://www.inaturalist.org/observations/34635900,sanjaya_kanishka,cc-by-nc
panduru-mapila,Boiga barnesii,external/inaturalist/panduru-mapila/32878169_51601008.jpg,32878169,https://www.inaturalist.org/observations/32878169,sullivanribbit,cc-by-nc
panduru-mapila,Boiga barnesii,external/inaturalist/panduru-mapila/32877270_51599923.jpg,32877270,https://www.inaturalist.org/observations/32877270,sullivanribbit,cc-by-nc
panduru-mapila,Boiga barnesii,external/inaturalist/panduru-mapila/31106165_48652146.jpg,31106165,https://www.inaturalist.org/observations/31106165,shanelle97,cc-by-nc
panduru-mapila,Boiga barnesii,external/inaturalist/panduru-mapila/31106165_48652139.jpg,31106165,https://www.inaturalist.org/observations/31106165,shanelle97,cc-by-nc
panduru-mapila,Boiga barnesii,external/inaturalist/panduru-mapila/31106165_48652158.jpg,31106165,https://www.inaturalist.org/observations/31106165,shanelle97,cc-by-nc
panduru-mapila,Boiga barnesii,external/inaturalist/panduru-mapila/31106165_48652155.jpg,31106165,https://www.inaturalist.org/observations/31106165,shanelle97,cc-by-nc
panduru-mapila,Boiga barnesii,external/inaturalist/panduru-mapila/31106165_48652148.jpg,31106165,https://www.inaturalist.org/observations/31106165,shanelle97,cc-by-nc
panduru-mapila,Boiga barnesii,external/inaturalist/panduru-mapila/31106165_48652133.jpg,31106165,https://www.inaturalist.org/observations/31106165,shanelle97,cc-by-nc
panduru-mapila,Boiga barnesii,external/inaturalist/panduru-mapila/19894392_30680773.jpg,19894392,https://www.inaturalist.org/observations/19894392,sanjaya_kanishka,cc-by-nc
cobra,Naja naja,external/inaturalist/cobra/389309156_713096580.jpg,389309156,https://www.inaturalist.org/observations/389309156,slaguet,cc-by-nc
cobra,Naja naja,external/inaturalist/cobra/388117493_710792629.jpg,388117493,https://www.inaturalist.org/observations/388117493,tharukas5,cc-by-nc
cobra,Naja naja,external/inaturalist/cobra/386342607_707363847.jpg,386342607,https://www.inaturalist.org/observations/386342607,chris75007,cc-by-nc
cobra,Naja naja,external/inaturalist/cobra/375468033_686407369.jpg,375468033,https://www.inaturalist.org/observations/375468033,billy_sherwood_allen,cc-by-nc
cobra,Naja naja,external/inaturalist/cobra/371269933_678298139.jpg,371269933,https://www.inaturalist.org/observations/371269933,wildmania,cc-by-nc
cobra,Naja naja,external/inaturalist/cobra/354452231_646602823.jpg,354452231,https://www.inaturalist.org/observations/354452231,jehan10,cc-by-nc
cobra,Naja naja,external/inaturalist/cobra/350778568_640066383.jpg,350778568,https://www.inaturalist.org/observations/350778568,brechtheusequin,cc-by-nc
cobra,Naja naja,external/inaturalist/cobra/350778518_640065501.jpg,350778518,https://www.inaturalist.org/observations/350778518,brechtheusequin,cc-by-nc
cobra,Naja naja,external/inaturalist/cobra/350291961_639112821.jpg,350291961,https://www.inaturalist.org/observations/350291961,carsten_renker,cc-by-nc
cobra,Naja naja,external/inaturalist/cobra/348058223_634723478.jpg,348058223,https://www.inaturalist.org/observations/348058223,unboundexpeditions,cc-by-nc
cobra,Naja naja,external/inaturalist/cobra/348058223_634723468.jpg,348058223,https://www.inaturalist.org/observations/348058223,unboundexpeditions,cc-by-nc
cobra,Naja naja,external/inaturalist/cobra/348058223_634723469.jpg,348058223,https://www.inaturalist.org/observations/348058223,unboundexpeditions,cc-by-nc
cobra,Naja naja,external/inaturalist/cobra/348058223_634723471.jpg,348058223,https://www.inaturalist.org/observations/348058223,unboundexpeditions,cc-by-nc
cobra,Naja naja,external/inaturalist/cobra/346955793_632532408.jpg,346955793,https://www.inaturalist.org/observations/346955793,killian87043,cc-by-nc
cobra,Naja naja,external/inaturalist/cobra/346955793_632532421.jpg,346955793,https://www.inaturalist.org/observations/346955793,killian87043,cc-by-nc
cobra,Naja naja,external/inaturalist/cobra/342604533_623934797.jpg,342604533,https://www.inaturalist.org/observations/342604533,albertkang,cc-by-nc
cobra,Naja naja,external/inaturalist/cobra/342604533_623934893.jpg,342604533,https://www.inaturalist.org/observations/342604533,albertkang,cc-by-nc
cobra,Naja naja,external/inaturalist/cobra/342604533_623935098.jpg,342604533,https://www.inaturalist.org/observations/342604533,albertkang,cc-by-nc
cobra,Naja naja,external/inaturalist/cobra/340040450_618712848.jpg,340040450,https://www.inaturalist.org/observations/340040450,jimjimjim,cc-by-nc
cobra,Naja naja,external/inaturalist/cobra/340040450_618712869.jpg,340040450,https://www.inaturalist.org/observations/340040450,jimjimjim,cc-by-nc
cobra,Naja naja,external/inaturalist/cobra/340040450_618712881.jpg,340040450,https://www.inaturalist.org/observations/340040450,jimjimjim,cc-by-nc
cobra,Naja naja,external/inaturalist/cobra/340040450_618712906.jpg,340040450,https://www.inaturalist.org/observations/340040450,jimjimjim,cc-by-nc
cobra,Naja naja,external/inaturalist/cobra/339806569_618233859.jpg,339806569,https://www.inaturalist.org/observations/339806569,jimjimjim,cc-by-nc
cobra,Naja naja,external/inaturalist/cobra/339806569_618233894.jpg,339806569,https://www.inaturalist.org/observations/339806569,jimjimjim,cc-by-nc
cobra,Naja naja,external/inaturalist/cobra/339806569_618233916.jpg,339806569,https://www.inaturalist.org/observations/339806569,jimjimjim,cc-by-nc
cobra,Naja naja,external/inaturalist/cobra/339806569_618233942.jpg,339806569,https://www.inaturalist.org/observations/339806569,jimjimjim,cc-by-nc
cobra,Naja naja,external/inaturalist/cobra/339387508_617385330.jpg,339387508,https://www.inaturalist.org/observations/339387508,cameron_f-mb,cc-by-nc
cobra,Naja naja,external/inaturalist/cobra/339174964_616947931.jpg,339174964,https://www.inaturalist.org/observations/339174964,axebld,cc-by-nc
cobra,Naja naja,external/inaturalist/cobra/338213937_615009116.jpg,338213937,https://www.inaturalist.org/observations/338213937,loic74704,cc-by-nc
cobra,Naja naja,external/inaturalist/cobra/337819416_614198686.jpg,337819416,https://www.inaturalist.org/observations/337819416,thuhiru_s,cc-by
cobra,Naja naja,external/inaturalist/cobra/334234317_606921626.jpg,334234317,https://www.inaturalist.org/observations/334234317,trebor77,cc-by-nc
cobra,Naja naja,external/inaturalist/cobra/334234317_606921640.jpg,334234317,https://www.inaturalist.org/observations/334234317,trebor77,cc-by-nc
cobra,Naja naja,external/inaturalist/cobra/334234317_606921649.jpg,334234317,https://www.inaturalist.org/observations/334234317,trebor77,cc-by-nc
cobra,Naja naja,external/inaturalist/cobra/330226787_598765312.jpg,330226787,https://www.inaturalist.org/observations/330226787,gowrawa,cc-by-nc
cobra,Naja naja,external/inaturalist/cobra/328921487_596130078.jpg,328921487,https://www.inaturalist.org/observations/328921487,stamatiszogaris,cc-by-nc
cobra,Naja naja,external/inaturalist/cobra/328921487_598915982.jpg,328921487,https://www.inaturalist.org/observations/328921487,stamatiszogaris,cc-by-nc
cobra,Naja naja,external/inaturalist/cobra/328921487_598915983.jpg,328921487,https://www.inaturalist.org/observations/328921487,stamatiszogaris,cc-by-nc
cobra,Naja naja,external/inaturalist/cobra/326485415_591310597.jpg,326485415,https://www.inaturalist.org/observations/326485415,vinolperera,cc-by-nc
cobra,Naja naja,external/inaturalist/cobra/326485415_591310662.jpg,326485415,https://www.inaturalist.org/observations/326485415,vinolperera,cc-by-nc
cobra,Naja naja,external/inaturalist/cobra/325537119_589418676.jpg,325537119,https://www.inaturalist.org/observations/325537119,thuhiru_s,cc-by
cobra,Naja naja,external/inaturalist/cobra/325450808_589254163.jpg,325450808,https://www.inaturalist.org/observations/325450808,pasindu_dilshan,cc-by-nc
cobra,Naja naja,external/inaturalist/cobra/325291753_588933268.jpg,325291753,https://www.inaturalist.org/observations/325291753,speedow,cc-by-nc
cobra,Naja naja,external/inaturalist/cobra/324833813_588027608.jpg,324833813,https://www.inaturalist.org/observations/324833813,manuja_karunaratne,cc-by-nc
cobra,Naja naja,external/inaturalist/cobra/324833813_588027640.jpg,324833813,https://www.inaturalist.org/observations/324833813,manuja_karunaratne,cc-by-nc
cobra,Naja naja,external/inaturalist/cobra/318804636_576223102.jpg,318804636,https://www.inaturalist.org/observations/318804636,gowrawa,cc-by-nc
cobra,Naja naja,external/inaturalist/cobra/318804636_576223113.jpg,318804636,https://www.inaturalist.org/observations/318804636,gowrawa,cc-by-nc
cobra,Naja naja,external/inaturalist/cobra/318804636_576223112.jpg,318804636,https://www.inaturalist.org/observations/318804636,gowrawa,cc-by-nc
cobra,Naja naja,external/inaturalist/cobra/311720566_562734477.jpg,311720566,https://www.inaturalist.org/observations/311720566,leekelai,cc-by-nc
cobra,Naja naja,external/inaturalist/cobra/285911317_514104580.jpg,285911317,https://www.inaturalist.org/observations/285911317,lycaon_,cc-by-nc
cobra,Naja naja,external/inaturalist/cobra/285279356_512772375.jpg,285279356,https://www.inaturalist.org/observations/285279356,kevin_morales_mclernon,cc-by-nc
cobra,Naja naja,external/inaturalist/cobra/280481346_503762973.jpg,280481346,https://www.inaturalist.org/observations/280481346,thilinahettiarachchi,cc-by-nc
cobra,Naja naja,external/inaturalist/cobra/273031256_491158935.jpg,273031256,https://www.inaturalist.org/observations/273031256,thilinahettiarachchi,cc-by-nc
cobra,Naja naja,external/inaturalist/cobra/263913615_474196063.jpg,263913615,https://www.inaturalist.org/observations/263913615,sebastian-voitel,cc-by-nc
cobra,Naja naja,external/inaturalist/cobra/263913615_474196076.jpg,263913615,https://www.inaturalist.org/observations/263913615,sebastian-voitel,cc-by-nc
cobra,Naja naja,external/inaturalist/cobra/263913615_474196077.jpg,263913615,https://www.inaturalist.org/observations/263913615,sebastian-voitel,cc-by-nc
cobra,Naja naja,external/inaturalist/cobra/263913615_474196107.jpg,263913615,https://www.inaturalist.org/observations/263913615,sebastian-voitel,cc-by-nc
cobra,Naja naja,external/inaturalist/cobra/260887527_468594409.jpg,260887527,https://www.inaturalist.org/observations/260887527,wild___max,cc-by-nc
cobra,Naja naja,external/inaturalist/cobra/260327649_467490652.jpg,260327649,https://www.inaturalist.org/observations/260327649,vinolperera,cc-by-nc
cobra,Naja naja,external/inaturalist/cobra/260327649_467490674.jpg,260327649,https://www.inaturalist.org/observations/260327649,vinolperera,cc-by-nc
cobra,Naja naja,external/inaturalist/cobra/260147957_467130058.jpg,260147957,https://www.inaturalist.org/observations/260147957,wrbkat,cc-by-nc
cobra,Naja naja,external/inaturalist/cobra/259613648_466068179.jpg,259613648,https://www.inaturalist.org/observations/259613648,mark_spicer,cc-by-nc
cobra,Naja naja,external/inaturalist/cobra/259613648_466068196.jpg,259613648,https://www.inaturalist.org/observations/259613648,mark_spicer,cc-by-nc
cobra,Naja naja,external/inaturalist/cobra/259613648_466068214.jpg,259613648,https://www.inaturalist.org/observations/259613648,mark_spicer,cc-by-nc
cobra,Naja naja,external/inaturalist/cobra/259613648_466068237.jpg,259613648,https://www.inaturalist.org/observations/259613648,mark_spicer,cc-by-nc
cobra,Naja naja,external/inaturalist/cobra/259613648_466068261.jpg,259613648,https://www.inaturalist.org/observations/259613648,mark_spicer,cc-by-nc
cobra,Naja naja,external/inaturalist/cobra/256638370_460189553.jpg,256638370,https://www.inaturalist.org/observations/256638370,viana27,cc-by-nc
cobra,Naja naja,external/inaturalist/cobra/255586853_458057396.jpg,255586853,https://www.inaturalist.org/observations/255586853,maureen_r,cc-by-nc
cobra,Naja naja,external/inaturalist/cobra/255585140_458054286.jpg,255585140,https://www.inaturalist.org/observations/255585140,eroger,cc-by-nc
cobra,Naja naja,external/inaturalist/cobra/255585140_458054298.jpg,255585140,https://www.inaturalist.org/observations/255585140,eroger,cc-by-nc
cobra,Naja naja,external/inaturalist/cobra/254980668_456844711.jpg,254980668,https://www.inaturalist.org/observations/254980668,mark_spicer,cc-by-nc
cobra,Naja naja,external/inaturalist/cobra/253513898_453943361.jpg,253513898,https://www.inaturalist.org/observations/253513898,mark_spicer,cc-by-nc
cobra,Naja naja,external/inaturalist/cobra/252274815_451571967.jpg,252274815,https://www.inaturalist.org/observations/252274815,sturuss,cc0
cobra,Naja naja,external/inaturalist/cobra/250284509_447590272.jpg,250284509,https://www.inaturalist.org/observations/250284509,terolinjama,cc0
cobra,Naja naja,external/inaturalist/cobra/250284509_447590283.jpg,250284509,https://www.inaturalist.org/observations/250284509,terolinjama,cc0
cobra,Naja naja,external/inaturalist/cobra/250284509_447590284.jpg,250284509,https://www.inaturalist.org/observations/250284509,terolinjama,cc0
cobra,Naja naja,external/inaturalist/cobra/250284509_447590303.jpg,250284509,https://www.inaturalist.org/observations/250284509,terolinjama,cc0
cobra,Naja naja,external/inaturalist/cobra/248708169_444449556.jpg,248708169,https://www.inaturalist.org/observations/248708169,jo815,cc-by-nc
cobra,Naja naja,external/inaturalist/cobra/248708169_444449578.jpg,248708169,https://www.inaturalist.org/observations/248708169,jo815,cc-by-nc
cobra,Naja naja,external/inaturalist/cobra/247875673_442794881.jpg,247875673,https://www.inaturalist.org/observations/247875673,liuye,cc-by-nc
cobra,Naja naja,external/inaturalist/cobra/246401642_439878365.jpg,246401642,https://www.inaturalist.org/observations/246401642,vinolperera,cc-by-nc
kunakatuwa,Hypnale hypnale,external/inaturalist/kunakatuwa/389282511_713045215.jpg,389282511,https://www.inaturalist.org/observations/389282511,lanka_wildlife,cc-by-nc
kunakatuwa,Hypnale hypnale,external/inaturalist/kunakatuwa/389282511_713045124.jpg,389282511,https://www.inaturalist.org/observations/389282511,lanka_wildlife,cc-by-nc
kunakatuwa,Hypnale hypnale,external/inaturalist/kunakatuwa/386530350_707726728.jpg,386530350,https://www.inaturalist.org/observations/386530350,loan43263,cc-by-nc
kunakatuwa,Hypnale hypnale,external/inaturalist/kunakatuwa/386530350_707726780.jpg,386530350,https://www.inaturalist.org/observations/386530350,loan43263,cc-by-nc
kunakatuwa,Hypnale hypnale,external/inaturalist/kunakatuwa/386530350_707728143.jpg,386530350,https://www.inaturalist.org/observations/386530350,loan43263,cc-by-nc
kunakatuwa,Hypnale hypnale,external/inaturalist/kunakatuwa/386530350_707731066.jpg,386530350,https://www.inaturalist.org/observations/386530350,loan43263,cc-by-nc
kunakatuwa,Hypnale hypnale,external/inaturalist/kunakatuwa/386199641_707092747.jpg,386199641,https://www.inaturalist.org/observations/386199641,buddhima_priya,cc-by-nc
kunakatuwa,Hypnale hypnale,external/inaturalist/kunakatuwa/376768842_688917989.jpg,376768842,https://www.inaturalist.org/observations/376768842,ruchiranethmina,cc-by-nc
kunakatuwa,Hypnale hypnale,external/inaturalist/kunakatuwa/376768842_688918023.jpg,376768842,https://www.inaturalist.org/observations/376768842,ruchiranethmina,cc-by-nc
kunakatuwa,Hypnale hypnale,external/inaturalist/kunakatuwa/376768842_688918072.jpg,376768842,https://www.inaturalist.org/observations/376768842,ruchiranethmina,cc-by-nc
kunakatuwa,Hypnale hypnale,external/inaturalist/kunakatuwa/376768842_688918131.jpg,376768842,https://www.inaturalist.org/observations/376768842,ruchiranethmina,cc-by-nc
kunakatuwa,Hypnale hypnale,external/inaturalist/kunakatuwa/372632551_680939434.jpg,372632551,https://www.inaturalist.org/observations/372632551,gowrawa,cc-by-nc
kunakatuwa,Hypnale hypnale,external/inaturalist/kunakatuwa/372178586_680084429.jpg,372178586,https://www.inaturalist.org/observations/372178586,loan43263,cc-by-nc
kunakatuwa,Hypnale hypnale,external/inaturalist/kunakatuwa/372178586_680084497.jpg,372178586,https://www.inaturalist.org/observations/372178586,loan43263,cc-by-nc
kunakatuwa,Hypnale hypnale,external/inaturalist/kunakatuwa/371966613_679658983.jpg,371966613,https://www.inaturalist.org/observations/371966613,jehan10,cc-by-nc
kunakatuwa,Hypnale hypnale,external/inaturalist/kunakatuwa/370072586_676437462.jpg,370072586,https://www.inaturalist.org/observations/370072586,dhanesha_sumanaweera,cc-by-nc
kunakatuwa,Hypnale hypnale,external/inaturalist/kunakatuwa/363438722_663416822.jpg,363438722,https://www.inaturalist.org/observations/363438722,malik_touil,cc-by-nc
kunakatuwa,Hypnale hypnale,external/inaturalist/kunakatuwa/361924473_660550178.jpg,361924473,https://www.inaturalist.org/observations/361924473,ruchiranethmina,cc-by-nc
kunakatuwa,Hypnale hypnale,external/inaturalist/kunakatuwa/359744391_656396199.jpg,359744391,https://www.inaturalist.org/observations/359744391,shanelle97,cc-by-nc
kunakatuwa,Hypnale hypnale,external/inaturalist/kunakatuwa/356065547_649323583.jpg,356065547,https://www.inaturalist.org/observations/356065547,jatcjayaweera,cc-by-nc
kunakatuwa,Hypnale hypnale,external/inaturalist/kunakatuwa/356065547_649323957.jpg,356065547,https://www.inaturalist.org/observations/356065547,jatcjayaweera,cc-by-nc
kunakatuwa,Hypnale hypnale,external/inaturalist/kunakatuwa/350778576_640066438.jpg,350778576,https://www.inaturalist.org/observations/350778576,brechtheusequin,cc-by-nc
kunakatuwa,Hypnale hypnale,external/inaturalist/kunakatuwa/349518856_637604982.jpg,349518856,https://www.inaturalist.org/observations/349518856,shanelle97,cc-by-nc
kunakatuwa,Hypnale hypnale,external/inaturalist/kunakatuwa/349518856_637605001.jpg,349518856,https://www.inaturalist.org/observations/349518856,shanelle97,cc-by-nc
kunakatuwa,Hypnale hypnale,external/inaturalist/kunakatuwa/349518856_637605030.jpg,349518856,https://www.inaturalist.org/observations/349518856,shanelle97,cc-by-nc
kunakatuwa,Hypnale hypnale,external/inaturalist/kunakatuwa/348732226_636058329.jpg,348732226,https://www.inaturalist.org/observations/348732226,ruchiranethmina,cc-by-nc
kunakatuwa,Hypnale hypnale,external/inaturalist/kunakatuwa/348732226_636058377.jpg,348732226,https://www.inaturalist.org/observations/348732226,ruchiranethmina,cc-by-nc
kunakatuwa,Hypnale hypnale,external/inaturalist/kunakatuwa/348067389_634740201.jpg,348067389,https://www.inaturalist.org/observations/348067389,unboundexpeditions,cc-by-nc
kunakatuwa,Hypnale hypnale,external/inaturalist/kunakatuwa/348067389_634740203.jpg,348067389,https://www.inaturalist.org/observations/348067389,unboundexpeditions,cc-by-nc
kunakatuwa,Hypnale hypnale,external/inaturalist/kunakatuwa/348066957_634739304.jpg,348066957,https://www.inaturalist.org/observations/348066957,unboundexpeditions,cc-by-nc
kunakatuwa,Hypnale hypnale,external/inaturalist/kunakatuwa/348062313_634730770.jpg,348062313,https://www.inaturalist.org/observations/348062313,unboundexpeditions,cc-by-nc
kunakatuwa,Hypnale hypnale,external/inaturalist/kunakatuwa/348062313_634730707.jpg,348062313,https://www.inaturalist.org/observations/348062313,unboundexpeditions,cc-by-nc
kunakatuwa,Hypnale hypnale,external/inaturalist/kunakatuwa/348061689_634729377.jpg,348061689,https://www.inaturalist.org/observations/348061689,unboundexpeditions,cc-by-nc
kunakatuwa,Hypnale hypnale,external/inaturalist/kunakatuwa/348061689_634729375.jpg,348061689,https://www.inaturalist.org/observations/348061689,unboundexpeditions,cc-by-nc
kunakatuwa,Hypnale hypnale,external/inaturalist/kunakatuwa/345612754_629879799.jpg,345612754,https://www.inaturalist.org/observations/345612754,shanelle97,cc-by-nc
kunakatuwa,Hypnale hypnale,external/inaturalist/kunakatuwa/345612754_629879655.jpg,345612754,https://www.inaturalist.org/observations/345612754,shanelle97,cc-by-nc
kunakatuwa,Hypnale hypnale,external/inaturalist/kunakatuwa/345612754_629879613.jpg,345612754,https://www.inaturalist.org/observations/345612754,shanelle97,cc-by-nc
kunakatuwa,Hypnale hypnale,external/inaturalist/kunakatuwa/345612750_629878160.jpg,345612750,https://www.inaturalist.org/observations/345612750,shanelle97,cc-by-nc
kunakatuwa,Hypnale hypnale,external/inaturalist/kunakatuwa/345051851_628774018.jpg,345051851,https://www.inaturalist.org/observations/345051851,tinyanthony,cc-by-nc
kunakatuwa,Hypnale hypnale,external/inaturalist/kunakatuwa/345051851_629431442.jpg,345051851,https://www.inaturalist.org/observations/345051851,tinyanthony,cc-by-nc
kunakatuwa,Hypnale hypnale,external/inaturalist/kunakatuwa/345051851_629431466.jpg,345051851,https://www.inaturalist.org/observations/345051851,tinyanthony,cc-by-nc
kunakatuwa,Hypnale hypnale,external/inaturalist/kunakatuwa/345051851_629431488.jpg,345051851,https://www.inaturalist.org/observations/345051851,tinyanthony,cc-by-nc
kunakatuwa,Hypnale hypnale,external/inaturalist/kunakatuwa/343603386_625945493.jpg,343603386,https://www.inaturalist.org/observations/343603386,devin_ranwala,cc-by-nc
kunakatuwa,Hypnale hypnale,external/inaturalist/kunakatuwa/343603386_625945511.jpg,343603386,https://www.inaturalist.org/observations/343603386,devin_ranwala,cc-by-nc
kunakatuwa,Hypnale hypnale,external/inaturalist/kunakatuwa/343601191_625940500.jpg,343601191,https://www.inaturalist.org/observations/343601191,senura_kumarasena,cc-by-nc
kunakatuwa,Hypnale hypnale,external/inaturalist/kunakatuwa/342884113_624483742.jpg,342884113,https://www.inaturalist.org/observations/342884113,albertkang,cc-by-nc
kunakatuwa,Hypnale hypnale,external/inaturalist/kunakatuwa/342058597_622830856.jpg,342058597,https://www.inaturalist.org/observations/342058597,vishwawiledlife,cc-by-nc
kunakatuwa,Hypnale hypnale,external/inaturalist/kunakatuwa/342058597_622830877.jpg,342058597,https://www.inaturalist.org/observations/342058597,vishwawiledlife,cc-by-nc
kunakatuwa,Hypnale hypnale,external/inaturalist/kunakatuwa/340213717_619074485.jpg,340213717,https://www.inaturalist.org/observations/340213717,jteltser,cc-by-nc
kunakatuwa,Hypnale hypnale,external/inaturalist/kunakatuwa/338327949_615244079.jpg,338327949,https://www.inaturalist.org/observations/338327949,liiisap,cc-by-nc
kunakatuwa,Hypnale hypnale,external/inaturalist/kunakatuwa/338327949_615244225.jpg,338327949,https://www.inaturalist.org/observations/338327949,liiisap,cc-by-nc
kunakatuwa,Hypnale hypnale,external/inaturalist/kunakatuwa/335317116_609127289.jpg,335317116,https://www.inaturalist.org/observations/335317116,kavindu_amarasinghe,cc-by
kunakatuwa,Hypnale hypnale,external/inaturalist/kunakatuwa/335317116_609127333.jpg,335317116,https://www.inaturalist.org/observations/335317116,kavindu_amarasinghe,cc-by
kunakatuwa,Hypnale hypnale,external/inaturalist/kunakatuwa/335317116_609127370.jpg,335317116,https://www.inaturalist.org/observations/335317116,kavindu_amarasinghe,cc-by
kunakatuwa,Hypnale hypnale,external/inaturalist/kunakatuwa/333356722_605189393.jpg,333356722,https://www.inaturalist.org/observations/333356722,hayncarl2134,cc-by-nc
kunakatuwa,Hypnale hypnale,external/inaturalist/kunakatuwa/332405830_603243905.jpg,332405830,https://www.inaturalist.org/observations/332405830,urielevy,cc-by-nc
kunakatuwa,Hypnale hypnale,external/inaturalist/kunakatuwa/332405830_603245541.jpg,332405830,https://www.inaturalist.org/observations/332405830,urielevy,cc-by-nc
kunakatuwa,Hypnale hypnale,external/inaturalist/kunakatuwa/331941440_602289242.jpg,331941440,https://www.inaturalist.org/observations/331941440,amatha,cc-by-nc
kunakatuwa,Hypnale hypnale,external/inaturalist/kunakatuwa/330805382_599955002.jpg,330805382,https://www.inaturalist.org/observations/330805382,lars89245,cc-by-nc
kunakatuwa,Hypnale hypnale,external/inaturalist/kunakatuwa/330547858_599425437.jpg,330547858,https://www.inaturalist.org/observations/330547858,xiaoliyupaopao,cc-by-nc
kunakatuwa,Hypnale hypnale,external/inaturalist/kunakatuwa/330547858_599425477.jpg,330547858,https://www.inaturalist.org/observations/330547858,xiaoliyupaopao,cc-by-nc
kunakatuwa,Hypnale hypnale,external/inaturalist/kunakatuwa/330376688_599072223.jpg,330376688,https://www.inaturalist.org/observations/330376688,l_klg,cc-by-nc
kunakatuwa,Hypnale hypnale,external/inaturalist/kunakatuwa/330376688_599072222.jpg,330376688,https://www.inaturalist.org/observations/330376688,l_klg,cc-by-nc
kunakatuwa,Hypnale hypnale,external/inaturalist/kunakatuwa/330342016_598998641.jpg,330342016,https://www.inaturalist.org/observations/330342016,lars89245,cc-by-nc
kunakatuwa,Hypnale hypnale,external/inaturalist/kunakatuwa/329725570_597744052.jpg,329725570,https://www.inaturalist.org/observations/329725570,dxsu003,cc-by-nc
kunakatuwa,Hypnale hypnale,external/inaturalist/kunakatuwa/329544414_597380102.jpg,329544414,https://www.inaturalist.org/observations/329544414,lars89245,cc-by-nc
kunakatuwa,Hypnale hypnale,external/inaturalist/kunakatuwa/329051396_596390422.jpg,329051396,https://www.inaturalist.org/observations/329051396,senura_kumarasena,cc-by-nc
kunakatuwa,Hypnale hypnale,external/inaturalist/kunakatuwa/328880713_596049195.jpg,328880713,https://www.inaturalist.org/observations/328880713,shaveen_madushka,cc-by-nc
kunakatuwa,Hypnale hypnale,external/inaturalist/kunakatuwa/328864019_595995663.jpg,328864019,https://www.inaturalist.org/observations/328864019,pdunwiddie,cc-by-nc
kunakatuwa,Hypnale hypnale,external/inaturalist/kunakatuwa/328864019_595996242.jpg,328864019,https://www.inaturalist.org/observations/328864019,pdunwiddie,cc-by-nc
kunakatuwa,Hypnale hypnale,external/inaturalist/kunakatuwa/327861345_594025060.jpg,327861345,https://www.inaturalist.org/observations/327861345,peterzika,cc-by-nc
kunakatuwa,Hypnale hypnale,external/inaturalist/kunakatuwa/327861344_594025019.jpg,327861344,https://www.inaturalist.org/observations/327861344,peterzika,cc-by-nc
kunakatuwa,Hypnale hypnale,external/inaturalist/kunakatuwa/327861344_594025042.jpg,327861344,https://www.inaturalist.org/observations/327861344,peterzika,cc-by-nc
kunakatuwa,Hypnale hypnale,external/inaturalist/kunakatuwa/327861344_594025045.jpg,327861344,https://www.inaturalist.org/observations/327861344,peterzika,cc-by-nc
kunakatuwa,Hypnale hypnale,external/inaturalist/kunakatuwa/327861342_594024930.jpg,327861342,https://www.inaturalist.org/observations/327861342,peterzika,cc-by-nc
kunakatuwa,Hypnale hypnale,external/inaturalist/kunakatuwa/327861342_594024966.jpg,327861342,https://www.inaturalist.org/observations/327861342,peterzika,cc-by-nc
kunakatuwa,Hypnale hypnale,external/inaturalist/kunakatuwa/327481398_593300939.jpg,327481398,https://www.inaturalist.org/observations/327481398,pdunwiddie,cc-by-nc
kunakatuwa,Hypnale hypnale,external/inaturalist/kunakatuwa/327481398_593481540.jpg,327481398,https://www.inaturalist.org/observations/327481398,pdunwiddie,cc-by-nc
kunakatuwa,Hypnale hypnale,external/inaturalist/kunakatuwa/327481398_593481561.jpg,327481398,https://www.inaturalist.org/observations/327481398,pdunwiddie,cc-by-nc
kunakatuwa,Hypnale hypnale,external/inaturalist/kunakatuwa/326179906_590707173.jpg,326179906,https://www.inaturalist.org/observations/326179906,ssrikumar,cc-by-nc
pimbura,Python molurus,external/inaturalist/pimbura/382797961_700563177.jpg,382797961,https://www.inaturalist.org/observations/382797961,mas22,cc-by-nc
pimbura,Python molurus,external/inaturalist/pimbura/372862131_681375969.jpg,372862131,https://www.inaturalist.org/observations/372862131,wilmotsenaratne,cc0
pimbura,Python molurus,external/inaturalist/pimbura/367011014_670204497.jpg,367011014,https://www.inaturalist.org/observations/367011014,alanvannorman,cc-by-nc
pimbura,Python molurus,external/inaturalist/pimbura/356818096_650732167.jpg,356818096,https://www.inaturalist.org/observations/356818096,jatcjayaweera,cc-by-nc
pimbura,Python molurus,external/inaturalist/pimbura/350778753_640068324.jpg,350778753,https://www.inaturalist.org/observations/350778753,brechtheusequin,cc-by-nc
pimbura,Python molurus,external/inaturalist/pimbura/348063093_634731875.jpg,348063093,https://www.inaturalist.org/observations/348063093,unboundexpeditions,cc-by-nc
pimbura,Python molurus,external/inaturalist/pimbura/348063093_634731868.jpg,348063093,https://www.inaturalist.org/observations/348063093,unboundexpeditions,cc-by-nc
pimbura,Python molurus,external/inaturalist/pimbura/343580949_625898760.jpg,343580949,https://www.inaturalist.org/observations/343580949,albertkang,cc-by-nc
pimbura,Python molurus,external/inaturalist/pimbura/343576470_625888803.jpg,343576470,https://www.inaturalist.org/observations/343576470,albertkang,cc-by-nc
pimbura,Python molurus,external/inaturalist/pimbura/343313889_625352419.jpg,343313889,https://www.inaturalist.org/observations/343313889,kengjeow,cc-by-nc
pimbura,Python molurus,external/inaturalist/pimbura/342613808_623953747.jpg,342613808,https://www.inaturalist.org/observations/342613808,kristinakris86,cc-by-nc
pimbura,Python molurus,external/inaturalist/pimbura/340040590_618713048.jpg,340040590,https://www.inaturalist.org/observations/340040590,jimjimjim,cc-by-nc
pimbura,Python molurus,external/inaturalist/pimbura/340040590_618713071.jpg,340040590,https://www.inaturalist.org/observations/340040590,jimjimjim,cc-by-nc
pimbura,Python molurus,external/inaturalist/pimbura/340040590_618713087.jpg,340040590,https://www.inaturalist.org/observations/340040590,jimjimjim,cc-by-nc
pimbura,Python molurus,external/inaturalist/pimbura/340040590_618713109.jpg,340040590,https://www.inaturalist.org/observations/340040590,jimjimjim,cc-by-nc
pimbura,Python molurus,external/inaturalist/pimbura/338175464_614931858.jpg,338175464,https://www.inaturalist.org/observations/338175464,angelbasperez,cc-by-nc
pimbura,Python molurus,external/inaturalist/pimbura/338175464_614931854.jpg,338175464,https://www.inaturalist.org/observations/338175464,angelbasperez,cc-by-nc
pimbura,Python molurus,external/inaturalist/pimbura/334083284_606617207.jpg,334083284,https://www.inaturalist.org/observations/334083284,mickey5637,cc-by-nc
pimbura,Python molurus,external/inaturalist/pimbura/334083284_606617217.jpg,334083284,https://www.inaturalist.org/observations/334083284,mickey5637,cc-by-nc
pimbura,Python molurus,external/inaturalist/pimbura/334083284_606617229.jpg,334083284,https://www.inaturalist.org/observations/334083284,mickey5637,cc-by-nc
pimbura,Python molurus,external/inaturalist/pimbura/334083284_606617724.jpg,334083284,https://www.inaturalist.org/observations/334083284,mickey5637,cc-by-nc
pimbura,Python molurus,external/inaturalist/pimbura/334083284_606618583.jpg,334083284,https://www.inaturalist.org/observations/334083284,mickey5637,cc-by-nc
pimbura,Python molurus,external/inaturalist/pimbura/334083284_606618677.jpg,334083284,https://www.inaturalist.org/observations/334083284,mickey5637,cc-by-nc
pimbura,Python molurus,external/inaturalist/pimbura/334083284_606621197.jpg,334083284,https://www.inaturalist.org/observations/334083284,mickey5637,cc-by-nc
pimbura,Python molurus,external/inaturalist/pimbura/334083284_607385563.jpg,334083284,https://www.inaturalist.org/observations/334083284,mickey5637,cc-by-nc
pimbura,Python molurus,external/inaturalist/pimbura/334083284_607385573.jpg,334083284,https://www.inaturalist.org/observations/334083284,mickey5637,cc-by-nc
pimbura,Python molurus,external/inaturalist/pimbura/331932659_602271982.jpg,331932659,https://www.inaturalist.org/observations/331932659,pasquiat,cc-by-nc
pimbura,Python molurus,external/inaturalist/pimbura/328050354_594376364.jpg,328050354,https://www.inaturalist.org/observations/328050354,raviharaperera,cc-by-nc
pimbura,Python molurus,external/inaturalist/pimbura/327455287_593247731.jpg,327455287,https://www.inaturalist.org/observations/327455287,caleidoskopable,cc-by-nc
pimbura,Python molurus,external/inaturalist/pimbura/326451675_591244770.jpg,326451675,https://www.inaturalist.org/observations/326451675,max71288,cc-by-nc
pimbura,Python molurus,external/inaturalist/pimbura/316272006_571411394.jpg,316272006,https://www.inaturalist.org/observations/316272006,ynwa_,cc-by-nc
pimbura,Python molurus,external/inaturalist/pimbura/268395266_482435207.jpg,268395266,https://www.inaturalist.org/observations/268395266,sakindu,cc-by-nc
pimbura,Python molurus,external/inaturalist/pimbura/265806036_477509859.jpg,265806036,https://www.inaturalist.org/observations/265806036,sp1_der,cc-by-nc
pimbura,Python molurus,external/inaturalist/pimbura/258372670_463546150.jpg,258372670,https://www.inaturalist.org/observations/258372670,vinolperera,cc-by-nc
pimbura,Python molurus,external/inaturalist/pimbura/258372670_463546168.jpg,258372670,https://www.inaturalist.org/observations/258372670,vinolperera,cc-by-nc
pimbura,Python molurus,external/inaturalist/pimbura/254866593_456612732.jpg,254866593,https://www.inaturalist.org/observations/254866593,rookie65,cc-by-nc
pimbura,Python molurus,external/inaturalist/pimbura/250541649_448110108.jpg,250541649,https://www.inaturalist.org/observations/250541649,denisnikitenko,cc-by-nc
pimbura,Python molurus,external/inaturalist/pimbura/250541649_448110125.jpg,250541649,https://www.inaturalist.org/observations/250541649,denisnikitenko,cc-by-nc
pimbura,Python molurus,external/inaturalist/pimbura/250541649_448110159.jpg,250541649,https://www.inaturalist.org/observations/250541649,denisnikitenko,cc-by-nc
pimbura,Python molurus,external/inaturalist/pimbura/248508751_444044331.jpg,248508751,https://www.inaturalist.org/observations/248508751,martinpel,cc-by-nc
pimbura,Python molurus,external/inaturalist/pimbura/246759574_440585357.jpg,246759574,https://www.inaturalist.org/observations/246759574,vikum96,cc-by-nc
pimbura,Python molurus,external/inaturalist/pimbura/246759574_440585380.jpg,246759574,https://www.inaturalist.org/observations/246759574,vikum96,cc-by-nc
pimbura,Python molurus,external/inaturalist/pimbura/244563169_436257014.jpg,244563169,https://www.inaturalist.org/observations/244563169,pasindu_dilshan,cc-by-nc
pimbura,Python molurus,external/inaturalist/pimbura/240975636_429404885.jpg,240975636,https://www.inaturalist.org/observations/240975636,sangeeth_mendis,cc-by-nc
pimbura,Python molurus,external/inaturalist/pimbura/240975636_429404920.jpg,240975636,https://www.inaturalist.org/observations/240975636,sangeeth_mendis,cc-by-nc
pimbura,Python molurus,external/inaturalist/pimbura/222896236_394879482.jpg,222896236,https://www.inaturalist.org/observations/222896236,myworldofbirdphotography,cc-by-nc
pimbura,Python molurus,external/inaturalist/pimbura/222896236_394879480.jpg,222896236,https://www.inaturalist.org/observations/222896236,myworldofbirdphotography,cc-by-nc
pimbura,Python molurus,external/inaturalist/pimbura/220286479_389997763.jpg,220286479,https://www.inaturalist.org/observations/220286479,lasan_samarasinghe,cc-by-nc
pimbura,Python molurus,external/inaturalist/pimbura/202460973_357571894.jpg,202460973,https://www.inaturalist.org/observations/202460973,suggest,cc-by-nc
pimbura,Python molurus,external/inaturalist/pimbura/202460973_357571954.jpg,202460973,https://www.inaturalist.org/observations/202460973,suggest,cc-by-nc
pimbura,Python molurus,external/inaturalist/pimbura/201362508_355444744.jpg,201362508,https://www.inaturalist.org/observations/201362508,goshitha9,cc-by-nc
pimbura,Python molurus,external/inaturalist/pimbura/195169979_343278159.jpg,195169979,https://www.inaturalist.org/observations/195169979,kaveeshakeerthirathna,cc-by-nc
pimbura,Python molurus,external/inaturalist/pimbura/180620061_314659766.jpg,180620061,https://www.inaturalist.org/observations/180620061,dulana007,cc-by-nc
pimbura,Python molurus,external/inaturalist/pimbura/180620061_314659839.jpg,180620061,https://www.inaturalist.org/observations/180620061,dulana007,cc-by-nc
pimbura,Python molurus,external/inaturalist/pimbura/180620061_314659888.jpg,180620061,https://www.inaturalist.org/observations/180620061,dulana007,cc-by-nc
pimbura,Python molurus,external/inaturalist/pimbura/170219265_295220781.jpg,170219265,https://www.inaturalist.org/observations/170219265,fhabekuss,cc-by-nc
pimbura,Python molurus,external/inaturalist/pimbura/157268760_271927500.jpg,157268760,https://www.inaturalist.org/observations/157268760,sotiris_kountouras,cc-by-nc
pimbura,Python molurus,external/inaturalist/pimbura/151636603_261664165.jpg,151636603,https://www.inaturalist.org/observations/151636603,danzidro,cc-by-nc
pimbura,Python molurus,external/inaturalist/pimbura/149813132_258211102.jpg,149813132,https://www.inaturalist.org/observations/149813132,shaveen_madushka,cc-by-nc
pimbura,Python molurus,external/inaturalist/pimbura/149368413_257372199.jpg,149368413,https://www.inaturalist.org/observations/149368413,saluni,cc-by-nc
pimbura,Python molurus,external/inaturalist/pimbura/149368413_257372223.jpg,149368413,https://www.inaturalist.org/observations/149368413,saluni,cc-by-nc
pimbura,Python molurus,external/inaturalist/pimbura/149368413_257372243.jpg,149368413,https://www.inaturalist.org/observations/149368413,saluni,cc-by-nc
pimbura,Python molurus,external/inaturalist/pimbura/147247660_253340721.jpg,147247660,https://www.inaturalist.org/observations/147247660,kaushalya_suwandahennadi,cc-by-nc
pimbura,Python molurus,external/inaturalist/pimbura/132156473_225012183.jpg,132156473,https://www.inaturalist.org/observations/132156473,dasangi_warakapitiya,cc-by-nc
pimbura,Python molurus,external/inaturalist/pimbura/128647654_218535344.jpg,128647654,https://www.inaturalist.org/observations/128647654,bimsarawijegunarathne,cc-by-nc
pimbura,Python molurus,external/inaturalist/pimbura/128647654_218535388.jpg,128647654,https://www.inaturalist.org/observations/128647654,bimsarawijegunarathne,cc-by-nc
pimbura,Python molurus,external/inaturalist/pimbura/128647654_218535443.jpg,128647654,https://www.inaturalist.org/observations/128647654,bimsarawijegunarathne,cc-by-nc
pimbura,Python molurus,external/inaturalist/pimbura/128645028_218530588.jpg,128645028,https://www.inaturalist.org/observations/128645028,bimsarawijegunarathne,cc-by-nc
pimbura,Python molurus,external/inaturalist/pimbura/109438556_184450913.jpg,109438556,https://www.inaturalist.org/observations/109438556,maxvezdehod,cc-by-nc
pimbura,Python molurus,external/inaturalist/pimbura/91226024_150863875.jpg,91226024,https://www.inaturalist.org/observations/91226024,maduka_mayuranga,cc-by-nc
pimbura,Python molurus,external/inaturalist/pimbura/91226024_150864262.jpg,91226024,https://www.inaturalist.org/observations/91226024,maduka_mayuranga,cc-by-nc
pimbura,Python molurus,external/inaturalist/pimbura/91226024_150864278.jpg,91226024,https://www.inaturalist.org/observations/91226024,maduka_mayuranga,cc-by-nc
pimbura,Python molurus,external/inaturalist/pimbura/79902352_130913199.jpg,79902352,https://www.inaturalist.org/observations/79902352,wathsara,cc-by-nc
pimbura,Python molurus,external/inaturalist/pimbura/72156432_117598117.jpg,72156432,https://www.inaturalist.org/observations/72156432,rpvo,cc-by-nc
pimbura,Python molurus,external/inaturalist/pimbura/63752633_102371975.jpg,63752633,https://www.inaturalist.org/observations/63752633,a_emmerson,cc-by-nc
pimbura,Python molurus,external/inaturalist/pimbura/47736113_75722715.jpg,47736113,https://www.inaturalist.org/observations/47736113,elena_galle,cc-by-nc
pimbura,Python molurus,external/inaturalist/pimbura/47736113_75722746.jpg,47736113,https://www.inaturalist.org/observations/47736113,elena_galle,cc-by-nc
pimbura,Python molurus,external/inaturalist/pimbura/39606680_62853003.jpg,39606680,https://www.inaturalist.org/observations/39606680,marnika,cc-by-nc
pimbura,Python molurus,external/inaturalist/pimbura/32797474_51465007.jpg,32797474,https://www.inaturalist.org/observations/32797474,sullivanribbit,cc-by-nc
pimbura,Python molurus,external/inaturalist/pimbura/22309312_34551171.jpg,22309312,https://www.inaturalist.org/observations/22309312,thilinahettiarachchi,cc-by-nc
thel-karawala,Bungarus caeruleus,external/inaturalist/thel-karawala/371269959_678298276.jpg,371269959,https://www.inaturalist.org/observations/371269959,wildmania,cc-by-nc
thel-karawala,Bungarus caeruleus,external/inaturalist/thel-karawala/260335869_467504614.jpg,260335869,https://www.inaturalist.org/observations/260335869,mark_spicer,cc-by-nc
thel-karawala,Bungarus caeruleus,external/inaturalist/thel-karawala/260335869_467504636.jpg,260335869,https://www.inaturalist.org/observations/260335869,mark_spicer,cc-by-nc
thel-karawala,Bungarus caeruleus,external/inaturalist/thel-karawala/250570498_448164930.jpg,250570498,https://www.inaturalist.org/observations/250570498,denisnikitenko,cc-by-nc
thel-karawala,Bungarus caeruleus,external/inaturalist/thel-karawala/250570498_448164982.jpg,250570498,https://www.inaturalist.org/observations/250570498,denisnikitenko,cc-by-nc
thel-karawala,Bungarus caeruleus,external/inaturalist/thel-karawala/250570498_448165157.jpg,250570498,https://www.inaturalist.org/observations/250570498,denisnikitenko,cc-by-nc
thel-karawala,Bungarus caeruleus,external/inaturalist/thel-karawala/250570498_448165249.jpg,250570498,https://www.inaturalist.org/observations/250570498,denisnikitenko,cc-by-nc
thel-karawala,Bungarus caeruleus,external/inaturalist/thel-karawala/249501688_446019046.jpg,249501688,https://www.inaturalist.org/observations/249501688,shaveen_madushka,cc-by-nc
thel-karawala,Bungarus caeruleus,external/inaturalist/thel-karawala/240974171_429402421.jpg,240974171,https://www.inaturalist.org/observations/240974171,sangeeth_mendis,cc-by-nc
thel-karawala,Bungarus caeruleus,external/inaturalist/thel-karawala/240974171_429402471.jpg,240974171,https://www.inaturalist.org/observations/240974171,sangeeth_mendis,cc-by-nc
thel-karawala,Bungarus caeruleus,external/inaturalist/thel-karawala/240974171_429402512.jpg,240974171,https://www.inaturalist.org/observations/240974171,sangeeth_mendis,cc-by-nc
thel-karawala,Bungarus caeruleus,external/inaturalist/thel-karawala/200797358_354336251.jpg,200797358,https://www.inaturalist.org/observations/200797358,snake_geek,cc-by-nc
thel-karawala,Bungarus caeruleus,external/inaturalist/thel-karawala/198273055_349425822.jpg,198273055,https://www.inaturalist.org/observations/198273055,dilangamadushan,cc-by-nc
thel-karawala,Bungarus caeruleus,external/inaturalist/thel-karawala/147246573_253339408.jpg,147246573,https://www.inaturalist.org/observations/147246573,kaushalya_suwandahennadi,cc-by-nc
thel-karawala,Bungarus caeruleus,external/inaturalist/thel-karawala/54348609_86475309.jpg,54348609,https://www.inaturalist.org/observations/54348609,sanjaya_kanishka,cc-by-nc
thel-karawala,Bungarus caeruleus,external/inaturalist/thel-karawala/43554071_69102395.jpg,43554071,https://www.inaturalist.org/observations/43554071,rihanaharis,cc-by-nc
thel-karawala,Bungarus caeruleus,external/inaturalist/thel-karawala/36889239_58388192.jpg,36889239,https://www.inaturalist.org/observations/36889239,sanjaya_kanishka,cc-by-nc
thel-karawala,Bungarus caeruleus,external/inaturalist/thel-karawala/36398210_57531842.jpg,36398210,https://www.inaturalist.org/observations/36398210,sanjaya_kanishka,cc-by-nc
thith-polanga,Daboia russelii,external/inaturalist/thith-polanga/382797968_700563203.jpg,382797968,https://www.inaturalist.org/observations/382797968,mas22,cc-by-nc
thith-polanga,Daboia russelii,external/inaturalist/thith-polanga/381287623_697652878.jpg,381287623,https://www.inaturalist.org/observations/381287623,isuru_suranga,cc-by-nc
thith-polanga,Daboia russelii,external/inaturalist/thith-polanga/367017707_670216524.jpg,367017707,https://www.inaturalist.org/observations/367017707,alanvannorman,cc-by-nc
thith-polanga,Daboia russelii,external/inaturalist/thith-polanga/367017707_670274203.jpg,367017707,https://www.inaturalist.org/observations/367017707,alanvannorman,cc-by-nc
thith-polanga,Daboia russelii,external/inaturalist/thith-polanga/350778567_640066369.jpg,350778567,https://www.inaturalist.org/observations/350778567,brechtheusequin,cc-by-nc
thith-polanga,Daboia russelii,external/inaturalist/thith-polanga/348061918_634729908.jpg,348061918,https://www.inaturalist.org/observations/348061918,unboundexpeditions,cc-by-nc
thith-polanga,Daboia russelii,external/inaturalist/thith-polanga/348061918_634729910.jpg,348061918,https://www.inaturalist.org/observations/348061918,unboundexpeditions,cc-by-nc
thith-polanga,Daboia russelii,external/inaturalist/thith-polanga/341066074_620804348.jpg,341066074,https://www.inaturalist.org/observations/341066074,garyallport,cc-by-nc
thith-polanga,Daboia russelii,external/inaturalist/thith-polanga/339806761_618234119.jpg,339806761,https://www.inaturalist.org/observations/339806761,jimjimjim,cc-by-nc
thith-polanga,Daboia russelii,external/inaturalist/thith-polanga/339806761_618234155.jpg,339806761,https://www.inaturalist.org/observations/339806761,jimjimjim,cc-by-nc
thith-polanga,Daboia russelii,external/inaturalist/thith-polanga/339806761_618234200.jpg,339806761,https://www.inaturalist.org/observations/339806761,jimjimjim,cc-by-nc
thith-polanga,Daboia russelii,external/inaturalist/thith-polanga/339806761_618234230.jpg,339806761,https://www.inaturalist.org/observations/339806761,jimjimjim,cc-by-nc
thith-polanga,Daboia russelii,external/inaturalist/thith-polanga/339806761_618234262.jpg,339806761,https://www.inaturalist.org/observations/339806761,jimjimjim,cc-by-nc
thith-polanga,Daboia russelii,external/inaturalist/thith-polanga/339806761_618234283.jpg,339806761,https://www.inaturalist.org/observations/339806761,jimjimjim,cc-by-nc
thith-polanga,Daboia russelii,external/inaturalist/thith-polanga/339806761_618234326.jpg,339806761,https://www.inaturalist.org/observations/339806761,jimjimjim,cc-by-nc
thith-polanga,Daboia russelii,external/inaturalist/thith-polanga/335487237_609468134.jpg,335487237,https://www.inaturalist.org/observations/335487237,saluni,cc-by-nc
thith-polanga,Daboia russelii,external/inaturalist/thith-polanga/325933651_590213550.jpg,325933651,https://www.inaturalist.org/observations/325933651,milroy,cc-by-nc
thith-polanga,Daboia russelii,external/inaturalist/thith-polanga/267701807_481117003.jpg,267701807,https://www.inaturalist.org/observations/267701807,wolpertinger-rus,cc-by-nc
thith-polanga,Daboia russelii,external/inaturalist/thith-polanga/267701807_481138724.jpg,267701807,https://www.inaturalist.org/observations/267701807,wolpertinger-rus,cc-by-nc
thith-polanga,Daboia russelii,external/inaturalist/thith-polanga/263913616_474196189.jpg,263913616,https://www.inaturalist.org/observations/263913616,sebastian-voitel,cc-by-nc
thith-polanga,Daboia russelii,external/inaturalist/thith-polanga/263913616_474196192.jpg,263913616,https://www.inaturalist.org/observations/263913616,sebastian-voitel,cc-by-nc
thith-polanga,Daboia russelii,external/inaturalist/thith-polanga/263913616_474196165.jpg,263913616,https://www.inaturalist.org/observations/263913616,sebastian-voitel,cc-by-nc
thith-polanga,Daboia russelii,external/inaturalist/thith-polanga/260887370_468593959.jpg,260887370,https://www.inaturalist.org/observations/260887370,wild___max,cc-by-nc
thith-polanga,Daboia russelii,external/inaturalist/thith-polanga/260705689_468233576.jpg,260705689,https://www.inaturalist.org/observations/260705689,priyan111,cc-by-nc
thith-polanga,Daboia russelii,external/inaturalist/thith-polanga/259435369_465713342.jpg,259435369,https://www.inaturalist.org/observations/259435369,ruseva,cc-by
thith-polanga,Daboia russelii,external/inaturalist/thith-polanga/259435369_465713381.jpg,259435369,https://www.inaturalist.org/observations/259435369,ruseva,cc-by
thith-polanga,Daboia russelii,external/inaturalist/thith-polanga/244493843_436126615.jpg,244493843,https://www.inaturalist.org/observations/244493843,vinolperera,cc-by-nc
thith-polanga,Daboia russelii,external/inaturalist/thith-polanga/244493843_436127327.jpg,244493843,https://www.inaturalist.org/observations/244493843,vinolperera,cc-by-nc
thith-polanga,Daboia russelii,external/inaturalist/thith-polanga/242402222_432155006.jpg,242402222,https://www.inaturalist.org/observations/242402222,amalkad,cc-by-nc
thith-polanga,Daboia russelii,external/inaturalist/thith-polanga/242047625_431473671.jpg,242047625,https://www.inaturalist.org/observations/242047625,vinolperera,cc-by-nc
thith-polanga,Daboia russelii,external/inaturalist/thith-polanga/242047625_431473711.jpg,242047625,https://www.inaturalist.org/observations/242047625,vinolperera,cc-by-nc
thith-polanga,Daboia russelii,external/inaturalist/thith-polanga/241807376_431009444.jpg,241807376,https://www.inaturalist.org/observations/241807376,milroy,cc-by-nc
thith-polanga,Daboia russelii,external/inaturalist/thith-polanga/239475333_426512330.jpg,239475333,https://www.inaturalist.org/observations/239475333,dani_azor,cc-by-nc
thith-polanga,Daboia russelii,external/inaturalist/thith-polanga/239475333_426512514.jpg,239475333,https://www.inaturalist.org/observations/239475333,dani_azor,cc-by-nc
thith-polanga,Daboia russelii,external/inaturalist/thith-polanga/238224377_424089249.jpg,238224377,https://www.inaturalist.org/observations/238224377,dulana007,cc-by-nc
thith-polanga,Daboia russelii,external/inaturalist/thith-polanga/238224377_424089271.jpg,238224377,https://www.inaturalist.org/observations/238224377,dulana007,cc-by-nc
thith-polanga,Daboia russelii,external/inaturalist/thith-polanga/235477596_418791488.jpg,235477596,https://www.inaturalist.org/observations/235477596,kaveeshakeerthirathna,cc-by-nc
thith-polanga,Daboia russelii,external/inaturalist/thith-polanga/198802875_350470225.jpg,198802875,https://www.inaturalist.org/observations/198802875,fabiominati,cc-by-nc
thith-polanga,Daboia russelii,external/inaturalist/thith-polanga/195569177_344092685.jpg,195569177,https://www.inaturalist.org/observations/195569177,milroy,cc-by-nc
thith-polanga,Daboia russelii,external/inaturalist/thith-polanga/193503291_339927423.jpg,193503291,https://www.inaturalist.org/observations/193503291,marco_mora,cc-by-nc
thith-polanga,Daboia russelii,external/inaturalist/thith-polanga/193503291_339927940.jpg,193503291,https://www.inaturalist.org/observations/193503291,marco_mora,cc-by-nc
thith-polanga,Daboia russelii,external/inaturalist/thith-polanga/189211946_331394502.jpg,189211946,https://www.inaturalist.org/observations/189211946,chathuri_jayatissa,cc-by-nc
thith-polanga,Daboia russelii,external/inaturalist/thith-polanga/186418382_325777172.jpg,186418382,https://www.inaturalist.org/observations/186418382,ilockwood,cc-by-nc
thith-polanga,Daboia russelii,external/inaturalist/thith-polanga/186418382_325778450.jpg,186418382,https://www.inaturalist.org/observations/186418382,ilockwood,cc-by-nc
thith-polanga,Daboia russelii,external/inaturalist/thith-polanga/186418382_325917117.jpg,186418382,https://www.inaturalist.org/observations/186418382,ilockwood,cc-by-nc
thith-polanga,Daboia russelii,external/inaturalist/thith-polanga/186418382_325918001.jpg,186418382,https://www.inaturalist.org/observations/186418382,ilockwood,cc-by-nc
thith-polanga,Daboia russelii,external/inaturalist/thith-polanga/184271240_321628170.jpg,184271240,https://www.inaturalist.org/observations/184271240,bimsarawijegunarathne,cc-by-nc
thith-polanga,Daboia russelii,external/inaturalist/thith-polanga/180113584_313686277.jpg,180113584,https://www.inaturalist.org/observations/180113584,pramukaattanayaka,cc-by-nc
thith-polanga,Daboia russelii,external/inaturalist/thith-polanga/180113584_313689667.jpg,180113584,https://www.inaturalist.org/observations/180113584,pramukaattanayaka,cc-by-nc
thith-polanga,Daboia russelii,external/inaturalist/thith-polanga/172981198_300359284.jpg,172981198,https://www.inaturalist.org/observations/172981198,maduka_mayuranga,cc-by-nc
thith-polanga,Daboia russelii,external/inaturalist/thith-polanga/170833444_296362067.jpg,170833444,https://www.inaturalist.org/observations/170833444,kaveeshakeerthirathna,cc-by-nc
thith-polanga,Daboia russelii,external/inaturalist/thith-polanga/154220453_266451067.jpg,154220453,https://www.inaturalist.org/observations/154220453,dulneth_wijewardana,cc-by-nc
thith-polanga,Daboia russelii,external/inaturalist/thith-polanga/147248271_253341846.jpg,147248271,https://www.inaturalist.org/observations/147248271,kaushalya_suwandahennadi,cc-by-nc
thith-polanga,Daboia russelii,external/inaturalist/thith-polanga/141757505_242924676.jpg,141757505,https://www.inaturalist.org/observations/141757505,saluni,cc-by-nc
thith-polanga,Daboia russelii,external/inaturalist/thith-polanga/141757505_242924688.jpg,141757505,https://www.inaturalist.org/observations/141757505,saluni,cc-by-nc
thith-polanga,Daboia russelii,external/inaturalist/thith-polanga/141757505_242924703.jpg,141757505,https://www.inaturalist.org/observations/141757505,saluni,cc-by-nc
thith-polanga,Daboia russelii,external/inaturalist/thith-polanga/141757505_242924716.jpg,141757505,https://www.inaturalist.org/observations/141757505,saluni,cc-by-nc
thith-polanga,Daboia russelii,external/inaturalist/thith-polanga/141757505_242924731.jpg,141757505,https://www.inaturalist.org/observations/141757505,saluni,cc-by-nc
thith-polanga,Daboia russelii,external/inaturalist/thith-polanga/141757505_242924743.jpg,141757505,https://www.inaturalist.org/observations/141757505,saluni,cc-by-nc
thith-polanga,Daboia russelii,external/inaturalist/thith-polanga/133764447_227896868.jpg,133764447,https://www.inaturalist.org/observations/133764447,saluni,cc-by-nc
thith-polanga,Daboia russelii,external/inaturalist/thith-polanga/132923966_226339257.jpg,132923966,https://www.inaturalist.org/observations/132923966,senura_gamalath,cc-by-nc
thith-polanga,Daboia russelii,external/inaturalist/thith-polanga/123092387_208489613.jpg,123092387,https://www.inaturalist.org/observations/123092387,maduka_mayuranga,cc-by-nc
thith-polanga,Daboia russelii,external/inaturalist/thith-polanga/109449134_184469689.jpg,109449134,https://www.inaturalist.org/observations/109449134,sanuka,cc-by-nc
thith-polanga,Daboia russelii,external/inaturalist/thith-polanga/104948180_175971051.jpg,104948180,https://www.inaturalist.org/observations/104948180,sanuka,cc-by-nc
thith-polanga,Daboia russelii,external/inaturalist/thith-polanga/104948180_175971446.jpg,104948180,https://www.inaturalist.org/observations/104948180,sanuka,cc-by-nc
thith-polanga,Daboia russelii,external/inaturalist/thith-polanga/96700325_160687429.jpg,96700325,https://www.inaturalist.org/observations/96700325,dunitha_gunarathna,cc-by-nc
thith-polanga,Daboia russelii,external/inaturalist/thith-polanga/90009408_148702909.jpg,90009408,https://www.inaturalist.org/observations/90009408,omg_fl,cc-by-nc
thith-polanga,Daboia russelii,external/inaturalist/thith-polanga/90009408_148702927.jpg,90009408,https://www.inaturalist.org/observations/90009408,omg_fl,cc-by-nc
thith-polanga,Daboia russelii,external/inaturalist/thith-polanga/90009408_148702952.jpg,90009408,https://www.inaturalist.org/observations/90009408,omg_fl,cc-by-nc
thith-polanga,Daboia russelii,external/inaturalist/thith-polanga/90009408_148702979.jpg,90009408,https://www.inaturalist.org/observations/90009408,omg_fl,cc-by-nc
thith-polanga,Daboia russelii,external/inaturalist/thith-polanga/90009408_148702997.jpg,90009408,https://www.inaturalist.org/observations/90009408,omg_fl,cc-by-nc
thith-polanga,Daboia russelii,external/inaturalist/thith-polanga/90009408_148703014.jpg,90009408,https://www.inaturalist.org/observations/90009408,omg_fl,cc-by-nc
thith-polanga,Daboia russelii,external/inaturalist/thith-polanga/37335686_59168291.jpg,37335686,https://www.inaturalist.org/observations/37335686,henryedelman,cc-by-nc
thith-polanga,Daboia russelii,external/inaturalist/thith-polanga/32815328_51495644.jpg,32815328,https://www.inaturalist.org/observations/32815328,sullivanribbit,cc-by-nc
thith-polanga,Daboia russelii,external/inaturalist/thith-polanga/25090110_38830052.jpg,25090110,https://www.inaturalist.org/observations/25090110,sanjaya_kanishka,cc-by-nc
thith-polanga,Daboia russelii,external/inaturalist/thith-polanga/25090110_38830437.jpg,25090110,https://www.inaturalist.org/observations/25090110,sanjaya_kanishka,cc-by-nc
diyabariya,Fowlea asperrima,external/inaturalist/diyabariya/388132295_710823059.jpg,388132295,https://www.inaturalist.org/observations/388132295,rhinolin,cc-by-nc
diyabariya,Fowlea asperrima,external/inaturalist/diyabariya/388132295_710823105.jpg,388132295,https://www.inaturalist.org/observations/388132295,rhinolin,cc-by-nc
diyabariya,Fowlea asperrima,external/inaturalist/diyabariya/385301307_705362661.jpg,385301307,https://www.inaturalist.org/observations/385301307,kolya_p,cc-by-nc
diyabariya,Fowlea asperrima,external/inaturalist/diyabariya/381649748_698352842.jpg,381649748,https://www.inaturalist.org/observations/381649748,threegee,cc-by-nc
diyabariya,Fowlea asperrima,external/inaturalist/diyabariya/381649748_698352970.jpg,381649748,https://www.inaturalist.org/observations/381649748,threegee,cc-by-nc
diyabariya,Fowlea asperrima,external/inaturalist/diyabariya/381649748_698353039.jpg,381649748,https://www.inaturalist.org/observations/381649748,threegee,cc-by-nc
diyabariya,Fowlea asperrima,external/inaturalist/diyabariya/380579585_696278170.jpg,380579585,https://www.inaturalist.org/observations/380579585,a7h34l92,cc-by-nc
diyabariya,Fowlea asperrima,external/inaturalist/diyabariya/374666793_684834143.jpg,374666793,https://www.inaturalist.org/observations/374666793,bastih,cc-by-nc
diyabariya,Fowlea asperrima,external/inaturalist/diyabariya/373950169_683447301.jpg,373950169,https://www.inaturalist.org/observations/373950169,threegee,cc-by-nc
diyabariya,Fowlea asperrima,external/inaturalist/diyabariya/373950169_683447251.jpg,373950169,https://www.inaturalist.org/observations/373950169,threegee,cc-by-nc
diyabariya,Fowlea asperrima,external/inaturalist/diyabariya/373950102_683446703.jpg,373950102,https://www.inaturalist.org/observations/373950102,threegee,cc-by-nc
diyabariya,Fowlea asperrima,external/inaturalist/diyabariya/373950102_683446720.jpg,373950102,https://www.inaturalist.org/observations/373950102,threegee,cc-by-nc
diyabariya,Fowlea asperrima,external/inaturalist/diyabariya/368313659_672699407.jpg,368313659,https://www.inaturalist.org/observations/368313659,john_turner_cambridge,cc-by-nc
diyabariya,Fowlea asperrima,external/inaturalist/diyabariya/364627792_665662536.jpg,364627792,https://www.inaturalist.org/observations/364627792,damigod,cc-by-nc
diyabariya,Fowlea asperrima,external/inaturalist/diyabariya/364627792_665662552.jpg,364627792,https://www.inaturalist.org/observations/364627792,damigod,cc-by-nc
diyabariya,Fowlea asperrima,external/inaturalist/diyabariya/364627792_665662537.jpg,364627792,https://www.inaturalist.org/observations/364627792,damigod,cc-by-nc
diyabariya,Fowlea asperrima,external/inaturalist/diyabariya/362459480_661550064.jpg,362459480,https://www.inaturalist.org/observations/362459480,devoftheforest,cc-by-nc
diyabariya,Fowlea asperrima,external/inaturalist/diyabariya/362459480_661550132.jpg,362459480,https://www.inaturalist.org/observations/362459480,devoftheforest,cc-by-nc
diyabariya,Fowlea asperrima,external/inaturalist/diyabariya/362459480_661550216.jpg,362459480,https://www.inaturalist.org/observations/362459480,devoftheforest,cc-by-nc
diyabariya,Fowlea asperrima,external/inaturalist/diyabariya/361055723_658897335.jpg,361055723,https://www.inaturalist.org/observations/361055723,jasonzhu2405,cc-by-nc
diyabariya,Fowlea asperrima,external/inaturalist/diyabariya/358157701_653330744.jpg,358157701,https://www.inaturalist.org/observations/358157701,avindra_a,cc-by-nc
diyabariya,Fowlea asperrima,external/inaturalist/diyabariya/357730854_652501376.jpg,357730854,https://www.inaturalist.org/observations/357730854,sadeepa,cc-by-nc
diyabariya,Fowlea asperrima,external/inaturalist/diyabariya/355305277_648024867.jpg,355305277,https://www.inaturalist.org/observations/355305277,nadeesha5,cc-by-nc
diyabariya,Fowlea asperrima,external/inaturalist/diyabariya/354217640_646226536.jpg,354217640,https://www.inaturalist.org/observations/354217640,sunday_,cc-by-nc
diyabariya,Fowlea asperrima,external/inaturalist/diyabariya/346713508_632050040.jpg,346713508,https://www.inaturalist.org/observations/346713508,jasonzhu2405,cc-by-nc
diyabariya,Fowlea asperrima,external/inaturalist/diyabariya/345222640_629112060.jpg,345222640,https://www.inaturalist.org/observations/345222640,kristinakris86,cc-by-nc
diyabariya,Fowlea asperrima,external/inaturalist/diyabariya/344693770_628082316.jpg,344693770,https://www.inaturalist.org/observations/344693770,afahawkins,cc-by-nc
diyabariya,Fowlea asperrima,external/inaturalist/diyabariya/344693770_628082319.jpg,344693770,https://www.inaturalist.org/observations/344693770,afahawkins,cc-by-nc
diyabariya,Fowlea asperrima,external/inaturalist/diyabariya/344693770_628082318.jpg,344693770,https://www.inaturalist.org/observations/344693770,afahawkins,cc-by-nc
diyabariya,Fowlea asperrima,external/inaturalist/diyabariya/343458120_625647377.jpg,343458120,https://www.inaturalist.org/observations/343458120,albertkang,cc-by-nc
diyabariya,Fowlea asperrima,external/inaturalist/diyabariya/343458120_625647452.jpg,343458120,https://www.inaturalist.org/observations/343458120,albertkang,cc-by-nc
diyabariya,Fowlea asperrima,external/inaturalist/diyabariya/343458120_625647521.jpg,343458120,https://www.inaturalist.org/observations/343458120,albertkang,cc-by-nc
diyabariya,Fowlea asperrima,external/inaturalist/diyabariya/343458120_625647537.jpg,343458120,https://www.inaturalist.org/observations/343458120,albertkang,cc-by-nc
diyabariya,Fowlea asperrima,external/inaturalist/diyabariya/343313888_625351538.jpg,343313888,https://www.inaturalist.org/observations/343313888,kengjeow,cc-by-nc
diyabariya,Fowlea asperrima,external/inaturalist/diyabariya/342909702_624533057.jpg,342909702,https://www.inaturalist.org/observations/342909702,rvp,cc-by-nc
diyabariya,Fowlea asperrima,external/inaturalist/diyabariya/342909702_624534115.jpg,342909702,https://www.inaturalist.org/observations/342909702,rvp,cc-by-nc
diyabariya,Fowlea asperrima,external/inaturalist/diyabariya/342834172_624379616.jpg,342834172,https://www.inaturalist.org/observations/342834172,albertkang,cc-by-nc
diyabariya,Fowlea asperrima,external/inaturalist/diyabariya/342834172_624379658.jpg,342834172,https://www.inaturalist.org/observations/342834172,albertkang,cc-by-nc
diyabariya,Fowlea asperrima,external/inaturalist/diyabariya/342432755_623582404.jpg,342432755,https://www.inaturalist.org/observations/342432755,mickey_wu,cc-by
diyabariya,Fowlea asperrima,external/inaturalist/diyabariya/342432755_623583053.jpg,342432755,https://www.inaturalist.org/observations/342432755,mickey_wu,cc-by
diyabariya,Fowlea asperrima,external/inaturalist/diyabariya/342432755_623583059.jpg,342432755,https://www.inaturalist.org/observations/342432755,mickey_wu,cc-by
diyabariya,Fowlea asperrima,external/inaturalist/diyabariya/342432755_623583063.jpg,342432755,https://www.inaturalist.org/observations/342432755,mickey_wu,cc-by
diyabariya,Fowlea asperrima,external/inaturalist/diyabariya/342432755_623583777.jpg,342432755,https://www.inaturalist.org/observations/342432755,mickey_wu,cc-by
diyabariya,Fowlea asperrima,external/inaturalist/diyabariya/342432755_623583794.jpg,342432755,https://www.inaturalist.org/observations/342432755,mickey_wu,cc-by
diyabariya,Fowlea asperrima,external/inaturalist/diyabariya/342432755_623583790.jpg,342432755,https://www.inaturalist.org/observations/342432755,mickey_wu,cc-by
diyabariya,Fowlea asperrima,external/inaturalist/diyabariya/342432755_623584383.jpg,342432755,https://www.inaturalist.org/observations/342432755,mickey_wu,cc-by
diyabariya,Fowlea asperrima,external/inaturalist/diyabariya/342432755_623584277.jpg,342432755,https://www.inaturalist.org/observations/342432755,mickey_wu,cc-by
diyabariya,Fowlea asperrima,external/inaturalist/diyabariya/342432755_623584409.jpg,342432755,https://www.inaturalist.org/observations/342432755,mickey_wu,cc-by
diyabariya,Fowlea asperrima,external/inaturalist/diyabariya/342073420_622860202.jpg,342073420,https://www.inaturalist.org/observations/342073420,maxvezdehod,cc-by-nc
diyabariya,Fowlea asperrima,external/inaturalist/diyabariya/342073420_622860242.jpg,342073420,https://www.inaturalist.org/observations/342073420,maxvezdehod,cc-by-nc
diyabariya,Fowlea asperrima,external/inaturalist/diyabariya/342073420_622860284.jpg,342073420,https://www.inaturalist.org/observations/342073420,maxvezdehod,cc-by-nc
diyabariya,Fowlea asperrima,external/inaturalist/diyabariya/342073420_622860331.jpg,342073420,https://www.inaturalist.org/observations/342073420,maxvezdehod,cc-by-nc
diyabariya,Fowlea asperrima,external/inaturalist/diyabariya/342073420_622860381.jpg,342073420,https://www.inaturalist.org/observations/342073420,maxvezdehod,cc-by-nc
diyabariya,Fowlea asperrima,external/inaturalist/diyabariya/342073420_622860411.jpg,342073420,https://www.inaturalist.org/observations/342073420,maxvezdehod,cc-by-nc
diyabariya,Fowlea asperrima,external/inaturalist/diyabariya/342073420_622860439.jpg,342073420,https://www.inaturalist.org/observations/342073420,maxvezdehod,cc-by-nc
diyabariya,Fowlea asperrima,external/inaturalist/diyabariya/341505663_621709182.jpg,341505663,https://www.inaturalist.org/observations/341505663,haasbene,cc-by-nc
diyabariya,Fowlea asperrima,external/inaturalist/diyabariya/341499870_621684454.jpg,341499870,https://www.inaturalist.org/observations/341499870,legolas1,cc-by-nc
diyabariya,Fowlea asperrima,external/inaturalist/diyabariya/341499870_621684415.jpg,341499870,https://www.inaturalist.org/observations/341499870,legolas1,cc-by-nc
diyabariya,Fowlea asperrima,external/inaturalist/diyabariya/341499870_621684396.jpg,341499870,https://www.inaturalist.org/observations/341499870,legolas1,cc-by-nc
diyabariya,Fowlea asperrima,external/inaturalist/diyabariya/341499845_621683671.jpg,341499845,https://www.inaturalist.org/observations/341499845,legolas1,cc-by-nc
diyabariya,Fowlea asperrima,external/inaturalist/diyabariya/341499845_621683669.jpg,341499845,https://www.inaturalist.org/observations/341499845,legolas1,cc-by-nc
diyabariya,Fowlea asperrima,external/inaturalist/diyabariya/341499845_621683674.jpg,341499845,https://www.inaturalist.org/observations/341499845,legolas1,cc-by-nc
diyabariya,Fowlea asperrima,external/inaturalist/diyabariya/341499845_621684002.jpg,341499845,https://www.inaturalist.org/observations/341499845,legolas1,cc-by-nc
diyabariya,Fowlea asperrima,external/inaturalist/diyabariya/341499845_621683935.jpg,341499845,https://www.inaturalist.org/observations/341499845,legolas1,cc-by-nc
diyabariya,Fowlea asperrima,external/inaturalist/diyabariya/341499845_621683968.jpg,341499845,https://www.inaturalist.org/observations/341499845,legolas1,cc-by-nc
diyabariya,Fowlea asperrima,external/inaturalist/diyabariya/340137295_618917904.jpg,340137295,https://www.inaturalist.org/observations/340137295,docsharpe,cc-by-nc
diyabariya,Fowlea asperrima,external/inaturalist/diyabariya/339524721_617664558.jpg,339524721,https://www.inaturalist.org/observations/339524721,axebld,cc-by-nc
diyabariya,Fowlea asperrima,external/inaturalist/diyabariya/339405386_617422375.jpg,339405386,https://www.inaturalist.org/observations/339405386,rashidchan,cc-by
diyabariya,Fowlea asperrima,external/inaturalist/diyabariya/339322937_617253045.jpg,339322937,https://www.inaturalist.org/observations/339322937,sailebumbum,cc-by-nc
diyabariya,Fowlea asperrima,external/inaturalist/diyabariya/338192468_614963862.jpg,338192468,https://www.inaturalist.org/observations/338192468,dirkds,cc-by-nc
diyabariya,Fowlea asperrima,external/inaturalist/diyabariya/338174863_614930641.jpg,338174863,https://www.inaturalist.org/observations/338174863,angelbasperez,cc-by-nc
diyabariya,Fowlea asperrima,external/inaturalist/diyabariya/337774997_614112152.jpg,337774997,https://www.inaturalist.org/observations/337774997,morkvonork,cc-by-nc
diyabariya,Fowlea asperrima,external/inaturalist/diyabariya/337264598_613056806.jpg,337264598,https://www.inaturalist.org/observations/337264598,dhfischer,cc-by
diyabariya,Fowlea asperrima,external/inaturalist/diyabariya/337264598_613056815.jpg,337264598,https://www.inaturalist.org/observations/337264598,dhfischer,cc-by
diyabariya,Fowlea asperrima,external/inaturalist/diyabariya/337264598_613056814.jpg,337264598,https://www.inaturalist.org/observations/337264598,dhfischer,cc-by
diyabariya,Fowlea asperrima,external/inaturalist/diyabariya/337264598_613056834.jpg,337264598,https://www.inaturalist.org/observations/337264598,dhfischer,cc-by
diyabariya,Fowlea asperrima,external/inaturalist/diyabariya/337264597_613056791.jpg,337264597,https://www.inaturalist.org/observations/337264597,dhfischer,cc-by
diyabariya,Fowlea asperrima,external/inaturalist/diyabariya/336904898_612328886.jpg,336904898,https://www.inaturalist.org/observations/336904898,yelkouan,cc-by-nc
diyabariya,Fowlea asperrima,external/inaturalist/diyabariya/335207500_608908885.jpg,335207500,https://www.inaturalist.org/observations/335207500,anglerfish890,cc-by
diyabariya,Fowlea asperrima,external/inaturalist/diyabariya/334598455_607667253.jpg,334598455,https://www.inaturalist.org/observations/334598455,ellapennington,cc-by-nc
cobra,Naja naja,external/inaturalist/cobra/246401642_439878410.jpg,246401642,https://www.inaturalist.org/observations/246401642,vinolperera,cc-by-nc
cobra,Naja naja,external/inaturalist/cobra/246401642_439878452.jpg,246401642,https://www.inaturalist.org/observations/246401642,vinolperera,cc-by-nc
cobra,Naja naja,external/inaturalist/cobra/246143223_439360723.jpg,246143223,https://www.inaturalist.org/observations/246143223,mkhaja,cc-by-nc
cobra,Naja naja,external/inaturalist/cobra/245543560_438185622.jpg,245543560,https://www.inaturalist.org/observations/245543560,sehanc,cc-by-nc
cobra,Naja naja,external/inaturalist/cobra/244493524_436125948.jpg,244493524,https://www.inaturalist.org/observations/244493524,vinolperera,cc-by-nc
cobra,Naja naja,external/inaturalist/cobra/244493524_436126145.jpg,244493524,https://www.inaturalist.org/observations/244493524,vinolperera,cc-by-nc
cobra,Naja naja,external/inaturalist/cobra/240944492_429341580.jpg,240944492,https://www.inaturalist.org/observations/240944492,miles-parisi,cc-by-nc
cobra,Naja naja,external/inaturalist/cobra/239467398_426497189.jpg,239467398,https://www.inaturalist.org/observations/239467398,dani_azor,cc-by-nc
cobra,Naja naja,external/inaturalist/cobra/239467398_426497347.jpg,239467398,https://www.inaturalist.org/observations/239467398,dani_azor,cc-by-nc
cobra,Naja naja,external/inaturalist/cobra/239467398_426497489.jpg,239467398,https://www.inaturalist.org/observations/239467398,dani_azor,cc-by-nc
cobra,Naja naja,external/inaturalist/cobra/239467398_426497664.jpg,239467398,https://www.inaturalist.org/observations/239467398,dani_azor,cc-by-nc
cobra,Naja naja,external/inaturalist/cobra/239467398_426497827.jpg,239467398,https://www.inaturalist.org/observations/239467398,dani_azor,cc-by-nc
cobra,Naja naja,external/inaturalist/cobra/230410251_409120269.jpg,230410251,https://www.inaturalist.org/observations/230410251,jefvandycke,cc-by-nc
cobra,Naja naja,external/inaturalist/cobra/230284453_408876176.jpg,230284453,https://www.inaturalist.org/observations/230284453,lasan_samarasinghe,cc-by-nc
cobra,Naja naja,external/inaturalist/cobra/218061619_385841070.jpg,218061619,https://www.inaturalist.org/observations/218061619,dulyana_apoorva_wanigasooriya,cc-by-nc
cobra,Naja naja,external/inaturalist/cobra/218061619_385841096.jpg,218061619,https://www.inaturalist.org/observations/218061619,dulyana_apoorva_wanigasooriya,cc-by-nc
cobra,Naja naja,external/inaturalist/cobra/218061619_385841450.jpg,218061619,https://www.inaturalist.org/observations/218061619,dulyana_apoorva_wanigasooriya,cc-by-nc
cobra,Naja naja,external/inaturalist/cobra/216895934_383633565.jpg,216895934,https://www.inaturalist.org/observations/216895934,grey_moss,cc-by
cobra,Naja naja,external/inaturalist/cobra/216895934_383634413.jpg,216895934,https://www.inaturalist.org/observations/216895934,grey_moss,cc-by
cobra,Naja naja,external/inaturalist/cobra/216895934_383634730.jpg,216895934,https://www.inaturalist.org/observations/216895934,grey_moss,cc-by
cobra,Naja naja,external/inaturalist/cobra/215722530_381431121.jpg,215722530,https://www.inaturalist.org/observations/215722530,banditopalmas,cc-by-nc
cobra,Naja naja,external/inaturalist/cobra/202402733_357461344.jpg,202402733,https://www.inaturalist.org/observations/202402733,bronzini,cc-by-nc
cobra,Naja naja,external/inaturalist/cobra/202402733_357461321.jpg,202402733,https://www.inaturalist.org/observations/202402733,bronzini,cc-by-nc
cobra,Naja naja,external/inaturalist/cobra/202402733_357461335.jpg,202402733,https://www.inaturalist.org/observations/202402733,bronzini,cc-by-nc
cobra,Naja naja,external/inaturalist/cobra/202402733_357461365.jpg,202402733,https://www.inaturalist.org/observations/202402733,bronzini,cc-by-nc
cobra,Naja naja,external/inaturalist/cobra/199084525_351025188.jpg,199084525,https://www.inaturalist.org/observations/199084525,maxcatchem,cc-by-nc
cobra,Naja naja,external/inaturalist/cobra/199084525_351025204.jpg,199084525,https://www.inaturalist.org/observations/199084525,maxcatchem,cc-by-nc
cobra,Naja naja,external/inaturalist/cobra/199084525_351025208.jpg,199084525,https://www.inaturalist.org/observations/199084525,maxcatchem,cc-by-nc
cobra,Naja naja,external/inaturalist/cobra/199084525_351025220.jpg,199084525,https://www.inaturalist.org/observations/199084525,maxcatchem,cc-by-nc
cobra,Naja naja,external/inaturalist/cobra/198802917_350470284.jpg,198802917,https://www.inaturalist.org/observations/198802917,fabiominati,cc-by-nc
cobra,Naja naja,external/inaturalist/cobra/191089469_335140601.jpg,191089469,https://www.inaturalist.org/observations/191089469,felix_roland,cc-by-nc
cobra,Naja naja,external/inaturalist/cobra/191089469_335140606.jpg,191089469,https://www.inaturalist.org/observations/191089469,felix_roland,cc-by-nc
cobra,Naja naja,external/inaturalist/cobra/191089469_335140612.jpg,191089469,https://www.inaturalist.org/observations/191089469,felix_roland,cc-by-nc
cobra,Naja naja,external/inaturalist/cobra/180113800_313688493.jpg,180113800,https://www.inaturalist.org/observations/180113800,pramukaattanayaka,cc-by-nc
cobra,Naja naja,external/inaturalist/cobra/180113800_313689294.jpg,180113800,https://www.inaturalist.org/observations/180113800,pramukaattanayaka,cc-by-nc
cobra,Naja naja,external/inaturalist/cobra/177612385_308936036.jpg,177612385,https://www.inaturalist.org/observations/177612385,kaveeshakeerthirathna,cc-by-nc
cobra,Naja naja,external/inaturalist/cobra/153442223_265020103.jpg,153442223,https://www.inaturalist.org/observations/153442223,astrapia,cc-by-nc
cobra,Naja naja,external/inaturalist/cobra/153442223_265020157.jpg,153442223,https://www.inaturalist.org/observations/153442223,astrapia,cc-by-nc
cobra,Naja naja,external/inaturalist/cobra/153442223_265020209.jpg,153442223,https://www.inaturalist.org/observations/153442223,astrapia,cc-by-nc
cobra,Naja naja,external/inaturalist/cobra/153442223_265020250.jpg,153442223,https://www.inaturalist.org/observations/153442223,astrapia,cc-by-nc
cobra,Naja naja,external/inaturalist/cobra/153442223_265020298.jpg,153442223,https://www.inaturalist.org/observations/153442223,astrapia,cc-by-nc
cobra,Naja naja,external/inaturalist/cobra/153442223_265020356.jpg,153442223,https://www.inaturalist.org/observations/153442223,astrapia,cc-by-nc
cobra,Naja naja,external/inaturalist/cobra/152517018_263298692.jpg,152517018,https://www.inaturalist.org/observations/152517018,bandajb,cc-by-nc
cobra,Naja naja,external/inaturalist/cobra/152517018_263298775.jpg,152517018,https://www.inaturalist.org/observations/152517018,bandajb,cc-by-nc
cobra,Naja naja,external/inaturalist/cobra/152517018_263298860.jpg,152517018,https://www.inaturalist.org/observations/152517018,bandajb,cc-by-nc
cobra,Naja naja,external/inaturalist/cobra/152517018_263298962.jpg,152517018,https://www.inaturalist.org/observations/152517018,bandajb,cc-by-nc
cobra,Naja naja,external/inaturalist/cobra/151287413_261011325.jpg,151287413,https://www.inaturalist.org/observations/151287413,akula,cc-by-nc
cobra,Naja naja,external/inaturalist/cobra/151108781_260679128.jpg,151108781,https://www.inaturalist.org/observations/151108781,akula,cc-by-nc
cobra,Naja naja,external/inaturalist/cobra/137955533_235706224.jpg,137955533,https://www.inaturalist.org/observations/137955533,rookantha,cc-by-nc
cobra,Naja naja,external/inaturalist/cobra/132926198_226343937.jpg,132926198,https://www.inaturalist.org/observations/132926198,sankhalk,cc-by-nc
cobra,Naja naja,external/inaturalist/cobra/132926198_226343949.jpg,132926198,https://www.inaturalist.org/observations/132926198,sankhalk,cc-by-nc
cobra,Naja naja,external/inaturalist/cobra/132926198_226343967.jpg,132926198,https://www.inaturalist.org/observations/132926198,sankhalk,cc-by-nc
cobra,Naja naja,external/inaturalist/cobra/131896813_224528148.jpg,131896813,https://www.inaturalist.org/observations/131896813,imanthika_kurukohogama,cc-by-nc
cobra,Naja naja,external/inaturalist/cobra/131896813_224528177.jpg,131896813,https://www.inaturalist.org/observations/131896813,imanthika_kurukohogama,cc-by-nc
cobra,Naja naja,external/inaturalist/cobra/131896813_224528204.jpg,131896813,https://www.inaturalist.org/observations/131896813,imanthika_kurukohogama,cc-by-nc
cobra,Naja naja,external/inaturalist/cobra/120779457_204319262.jpg,120779457,https://www.inaturalist.org/observations/120779457,sakuna,cc-by-nc
cobra,Naja naja,external/inaturalist/cobra/110155998_185781297.jpg,110155998,https://www.inaturalist.org/observations/110155998,sanuka,cc-by-nc
cobra,Naja naja,external/inaturalist/cobra/110155998_185781371.jpg,110155998,https://www.inaturalist.org/observations/110155998,sanuka,cc-by-nc
cobra,Naja naja,external/inaturalist/cobra/102519006_171394180.jpg,102519006,https://www.inaturalist.org/observations/102519006,dulwan_damsutha,cc-by-nc
cobra,Naja naja,external/inaturalist/cobra/102519006_171394196.jpg,102519006,https://www.inaturalist.org/observations/102519006,dulwan_damsutha,cc-by-nc
cobra,Naja naja,external/inaturalist/cobra/102519006_171394208.jpg,102519006,https://www.inaturalist.org/observations/102519006,dulwan_damsutha,cc-by-nc
cobra,Naja naja,external/inaturalist/cobra/101466755_169465348.jpg,101466755,https://www.inaturalist.org/observations/101466755,aravinth6,cc-by
cobra,Naja naja,external/inaturalist/cobra/101466755_169465365.jpg,101466755,https://www.inaturalist.org/observations/101466755,aravinth6,cc-by
cobra,Naja naja,external/inaturalist/cobra/101466755_169465378.jpg,101466755,https://www.inaturalist.org/observations/101466755,aravinth6,cc-by
cobra,Naja naja,external/inaturalist/cobra/101466755_169465395.jpg,101466755,https://www.inaturalist.org/observations/101466755,aravinth6,cc-by
cobra,Naja naja,external/inaturalist/cobra/101466755_169465408.jpg,101466755,https://www.inaturalist.org/observations/101466755,aravinth6,cc-by
cobra,Naja naja,external/inaturalist/cobra/101466755_169465419.jpg,101466755,https://www.inaturalist.org/observations/101466755,aravinth6,cc-by
cobra,Naja naja,external/inaturalist/cobra/101466755_169465431.jpg,101466755,https://www.inaturalist.org/observations/101466755,aravinth6,cc-by
cobra,Naja naja,external/inaturalist/cobra/101466755_169465458.jpg,101466755,https://www.inaturalist.org/observations/101466755,aravinth6,cc-by
cobra,Naja naja,external/inaturalist/cobra/101466755_169465479.jpg,101466755,https://www.inaturalist.org/observations/101466755,aravinth6,cc-by
cobra,Naja naja,external/inaturalist/cobra/96574446_160462325.jpg,96574446,https://www.inaturalist.org/observations/96574446,maduka_mayuranga,cc-by-nc
cobra,Naja naja,external/inaturalist/cobra/96574446_160462716.jpg,96574446,https://www.inaturalist.org/observations/96574446,maduka_mayuranga,cc-by-nc
cobra,Naja naja,external/inaturalist/cobra/96574446_160463793.jpg,96574446,https://www.inaturalist.org/observations/96574446,maduka_mayuranga,cc-by-nc
cobra,Naja naja,external/inaturalist/cobra/86146084_141867635.jpg,86146084,https://www.inaturalist.org/observations/86146084,milroy,cc-by-nc
cobra,Naja naja,external/inaturalist/cobra/86146084_141867602.jpg,86146084,https://www.inaturalist.org/observations/86146084,milroy,cc-by-nc
cobra,Naja naja,external/inaturalist/cobra/86146084_141867659.jpg,86146084,https://www.inaturalist.org/observations/86146084,milroy,cc-by-nc
cobra,Naja naja,external/inaturalist/cobra/86146084_141867562.jpg,86146084,https://www.inaturalist.org/observations/86146084,milroy,cc-by-nc
cobra,Naja naja,external/inaturalist/cobra/85746272_141135094.jpg,85746272,https://www.inaturalist.org/observations/85746272,pasindu_dilshan,cc-by-nc
cobra,Naja naja,external/inaturalist/cobra/57738467_92125538.jpg,57738467,https://www.inaturalist.org/observations/57738467,pasindu_dilshan,cc-by-nc
cobra,Naja naja,external/inaturalist/cobra/57738467_92125883.jpg,57738467,https://www.inaturalist.org/observations/57738467,pasindu_dilshan,cc-by-nc
cobra,Naja naja,external/inaturalist/cobra/39963040_63459037.jpg,39963040,https://www.inaturalist.org/observations/39963040,tom-kirschey,cc-by-nc
cobra,Naja naja,external/inaturalist/cobra/37092814_58746682.jpg,37092814,https://www.inaturalist.org/observations/37092814,thilinahettiarachchi,cc-by-nc
cobra,Naja naja,external/inaturalist/cobra/35270769_55599575.jpg,35270769,https://www.inaturalist.org/observations/35270769,sanjaya_kanishka,cc-by-nc
cobra,Naja naja,external/inaturalist/cobra/32878172_51601016.jpg,32878172,https://www.inaturalist.org/observations/32878172,sullivanribbit,cc-by-nc
cobra,Naja naja,external/inaturalist/cobra/22219800_34406268.jpg,22219800,https://www.inaturalist.org/observations/22219800,thilinahettiarachchi,cc-by-nc
cobra,Naja naja,external/inaturalist/cobra/22159075_34306423.jpg,22159075,https://www.inaturalist.org/observations/22159075,denis_m,cc-by-nc
cobra,Naja naja,external/inaturalist/cobra/22159075_34306475.jpg,22159075,https://www.inaturalist.org/observations/22159075,denis_m,cc-by-nc
cobra,Naja naja,external/inaturalist/cobra/22159075_34306497.jpg,22159075,https://www.inaturalist.org/observations/22159075,denis_m,cc-by-nc
cobra,Naja naja,external/inaturalist/cobra/17949106_27427301.jpg,17949106,https://www.inaturalist.org/observations/17949106,lanka_wildlife,cc-by-nc
cobra,Naja naja,external/inaturalist/cobra/17949047_27427127.jpg,17949047,https://www.inaturalist.org/observations/17949047,workmonk,cc-by-nc
cobra,Naja naja,external/inaturalist/cobra/17949047_27427131.jpg,17949047,https://www.inaturalist.org/observations/17949047,workmonk,cc-by-nc
cobra,Naja naja,external/inaturalist/cobra/10178659_14053994.jpg,10178659,https://www.inaturalist.org/observations/10178659,amarzee,cc-by-nc
cobra,Naja naja,external/inaturalist/cobra/10178659_14054105.jpg,10178659,https://www.inaturalist.org/observations/10178659,amarzee,cc-by-nc
garandiya,Ptyas mucosa,external/inaturalist/garandiya/336078983_610655664.jpg,336078983,https://www.inaturalist.org/observations/336078983,ngaunt,cc-by-nc
garandiya,Ptyas mucosa,external/inaturalist/garandiya/336060403_610621203.jpg,336060403,https://www.inaturalist.org/observations/336060403,ongling,cc-by-nc
garandiya,Ptyas mucosa,external/inaturalist/garandiya/335912254_610330318.jpg,335912254,https://www.inaturalist.org/observations/335912254,alesha25300,cc-by-nc
garandiya,Ptyas mucosa,external/inaturalist/garandiya/335028788_608547331.jpg,335028788,https://www.inaturalist.org/observations/335028788,beeferl,cc-by-nc
garandiya,Ptyas mucosa,external/inaturalist/garandiya/334081191_606613233.jpg,334081191,https://www.inaturalist.org/observations/334081191,yahachy,cc-by
garandiya,Ptyas mucosa,external/inaturalist/garandiya/334078039_606605967.jpg,334078039,https://www.inaturalist.org/observations/334078039,priyan111,cc-by-nc
garandiya,Ptyas mucosa,external/inaturalist/garandiya/333358186_605193077.jpg,333358186,https://www.inaturalist.org/observations/333358186,hayncarl2134,cc-by-nc
garandiya,Ptyas mucosa,external/inaturalist/garandiya/333039502_604545757.jpg,333039502,https://www.inaturalist.org/observations/333039502,matthias2t,cc-by-nc
garandiya,Ptyas mucosa,external/inaturalist/garandiya/332934695_604332709.jpg,332934695,https://www.inaturalist.org/observations/332934695,trevinbne,cc-by-nc
garandiya,Ptyas mucosa,external/inaturalist/garandiya/332934695_604332694.jpg,332934695,https://www.inaturalist.org/observations/332934695,trevinbne,cc-by-nc
garandiya,Ptyas mucosa,external/inaturalist/garandiya/332934695_604332698.jpg,332934695,https://www.inaturalist.org/observations/332934695,trevinbne,cc-by-nc
garandiya,Ptyas mucosa,external/inaturalist/garandiya/332722617_603893824.jpg,332722617,https://www.inaturalist.org/observations/332722617,matthew75108,cc-by-nc
garandiya,Ptyas mucosa,external/inaturalist/garandiya/330844160_600032008.jpg,330844160,https://www.inaturalist.org/observations/330844160,stamatiszogaris,cc-by-nc
garandiya,Ptyas mucosa,external/inaturalist/garandiya/330844160_600033078.jpg,330844160,https://www.inaturalist.org/observations/330844160,stamatiszogaris,cc-by-nc
garandiya,Ptyas mucosa,external/inaturalist/garandiya/328918716_596124923.jpg,328918716,https://www.inaturalist.org/observations/328918716,bradley_morley1,cc-by-nc
garandiya,Ptyas mucosa,external/inaturalist/garandiya/328169062_594614138.jpg,328169062,https://www.inaturalist.org/observations/328169062,thilankaedirisingheandnimalidigo,cc-by-nc
garandiya,Ptyas mucosa,external/inaturalist/garandiya/328160194_594595713.jpg,328160194,https://www.inaturalist.org/observations/328160194,shanmugapriyan,cc-by-nc
garandiya,Ptyas mucosa,external/inaturalist/garandiya/328057830_594388939.jpg,328057830,https://www.inaturalist.org/observations/328057830,pubs_jay,cc-by-nc
garandiya,Ptyas mucosa,external/inaturalist/garandiya/327786342_593883628.jpg,327786342,https://www.inaturalist.org/observations/327786342,timofey_bar,cc-by-nc
garandiya,Ptyas mucosa,external/inaturalist/garandiya/327786199_593883354.jpg,327786199,https://www.inaturalist.org/observations/327786199,irina_suvorova_,cc-by-nc
garandiya,Ptyas mucosa,external/inaturalist/garandiya/327786199_593883402.jpg,327786199,https://www.inaturalist.org/observations/327786199,irina_suvorova_,cc-by-nc
garandiya,Ptyas mucosa,external/inaturalist/garandiya/327496478_593330308.jpg,327496478,https://www.inaturalist.org/observations/327496478,ossorno,cc-by-nc
garandiya,Ptyas mucosa,external/inaturalist/garandiya/327496478_593330302.jpg,327496478,https://www.inaturalist.org/observations/327496478,ossorno,cc-by-nc
garandiya,Ptyas mucosa,external/inaturalist/garandiya/327496478_593330291.jpg,327496478,https://www.inaturalist.org/observations/327496478,ossorno,cc-by-nc
garandiya,Ptyas mucosa,external/inaturalist/garandiya/327495925_593329271.jpg,327495925,https://www.inaturalist.org/observations/327495925,ongling,cc-by-nc
garandiya,Ptyas mucosa,external/inaturalist/garandiya/327495925_593329258.jpg,327495925,https://www.inaturalist.org/observations/327495925,ongling,cc-by-nc
garandiya,Ptyas mucosa,external/inaturalist/garandiya/326228712_590801400.jpg,326228712,https://www.inaturalist.org/observations/326228712,malakar,cc-by-nc
garandiya,Ptyas mucosa,external/inaturalist/garandiya/325649849_589642482.jpg,325649849,https://www.inaturalist.org/observations/325649849,pasindu_dilshan,cc-by-nc
garandiya,Ptyas mucosa,external/inaturalist/garandiya/325649839_589642373.jpg,325649839,https://www.inaturalist.org/observations/325649839,pasindu_dilshan,cc-by-nc
garandiya,Ptyas mucosa,external/inaturalist/garandiya/325536989_589411246.jpg,325536989,https://www.inaturalist.org/observations/325536989,thuhiru_s,cc-by
garandiya,Ptyas mucosa,external/inaturalist/garandiya/325536989_589411248.jpg,325536989,https://www.inaturalist.org/observations/325536989,thuhiru_s,cc-by
garandiya,Ptyas mucosa,external/inaturalist/garandiya/325536988_589411221.jpg,325536988,https://www.inaturalist.org/observations/325536988,thuhiru_s,cc-by
garandiya,Ptyas mucosa,external/inaturalist/garandiya/325536988_589411222.jpg,325536988,https://www.inaturalist.org/observations/325536988,thuhiru_s,cc-by
garandiya,Ptyas mucosa,external/inaturalist/garandiya/325536988_589411220.jpg,325536988,https://www.inaturalist.org/observations/325536988,thuhiru_s,cc-by
garandiya,Ptyas mucosa,external/inaturalist/garandiya/325303991_588958139.jpg,325303991,https://www.inaturalist.org/observations/325303991,speedow,cc-by-nc
garandiya,Ptyas mucosa,external/inaturalist/garandiya/324973755_588302712.jpg,324973755,https://www.inaturalist.org/observations/324973755,pubs_jay,cc-by-nc
garandiya,Ptyas mucosa,external/inaturalist/garandiya/324300834_586945926.jpg,324300834,https://www.inaturalist.org/observations/324300834,gowrawa,cc-by-nc
garandiya,Ptyas mucosa,external/inaturalist/garandiya/324300834_586945933.jpg,324300834,https://www.inaturalist.org/observations/324300834,gowrawa,cc-by-nc
garandiya,Ptyas mucosa,external/inaturalist/garandiya/324300834_586945733.jpg,324300834,https://www.inaturalist.org/observations/324300834,gowrawa,cc-by-nc
garandiya,Ptyas mucosa,external/inaturalist/garandiya/324300834_586945942.jpg,324300834,https://www.inaturalist.org/observations/324300834,gowrawa,cc-by-nc
garandiya,Ptyas mucosa,external/inaturalist/garandiya/323441885_585245813.jpg,323441885,https://www.inaturalist.org/observations/323441885,logoanne,cc-by-nc
garandiya,Ptyas mucosa,external/inaturalist/garandiya/321556141_582009087.jpg,321556141,https://www.inaturalist.org/observations/321556141,logoanne,cc-by-nc
garandiya,Ptyas mucosa,external/inaturalist/garandiya/321555063_581553698.jpg,321555063,https://www.inaturalist.org/observations/321555063,logoanne,cc-by-nc
garandiya,Ptyas mucosa,external/inaturalist/garandiya/321555063_581553749.jpg,321555063,https://www.inaturalist.org/observations/321555063,logoanne,cc-by-nc
garandiya,Ptyas mucosa,external/inaturalist/garandiya/318830385_576272320.jpg,318830385,https://www.inaturalist.org/observations/318830385,csua28,cc-by-nc
garandiya,Ptyas mucosa,external/inaturalist/garandiya/318830385_576272319.jpg,318830385,https://www.inaturalist.org/observations/318830385,csua28,cc-by-nc
garandiya,Ptyas mucosa,external/inaturalist/garandiya/316999918_572777339.jpg,316999918,https://www.inaturalist.org/observations/316999918,manusha,cc-by-nc
garandiya,Ptyas mucosa,external/inaturalist/garandiya/315623750_570181682.jpg,315623750,https://www.inaturalist.org/observations/315623750,burguenomuc,cc-by-nc
garandiya,Ptyas mucosa,external/inaturalist/garandiya/315211889_569408820.jpg,315211889,https://www.inaturalist.org/observations/315211889,maria_and_david,cc-by-nc
garandiya,Ptyas mucosa,external/inaturalist/garandiya/315211889_569408792.jpg,315211889,https://www.inaturalist.org/observations/315211889,maria_and_david,cc-by-nc
garandiya,Ptyas mucosa,external/inaturalist/garandiya/312131403_563515696.jpg,312131403,https://www.inaturalist.org/observations/312131403,jss367,cc-by-nc
garandiya,Ptyas mucosa,external/inaturalist/garandiya/310792416_560958287.jpg,310792416,https://www.inaturalist.org/observations/310792416,craigscribbles,cc-by-nc
garandiya,Ptyas mucosa,external/inaturalist/garandiya/307929326_555491376.jpg,307929326,https://www.inaturalist.org/observations/307929326,jason15378,cc-by-nc
garandiya,Ptyas mucosa,external/inaturalist/garandiya/303350568_546752449.jpg,303350568,https://www.inaturalist.org/observations/303350568,michelmfr,cc-by-nc
garandiya,Ptyas mucosa,external/inaturalist/garandiya/297846515_536444550.jpg,297846515,https://www.inaturalist.org/observations/297846515,yffea,cc-by-nc
garandiya,Ptyas mucosa,external/inaturalist/garandiya/297846515_536444565.jpg,297846515,https://www.inaturalist.org/observations/297846515,yffea,cc-by-nc
garandiya,Ptyas mucosa,external/inaturalist/garandiya/297846515_536444578.jpg,297846515,https://www.inaturalist.org/observations/297846515,yffea,cc-by-nc
garandiya,Ptyas mucosa,external/inaturalist/garandiya/297846515_536444780.jpg,297846515,https://www.inaturalist.org/observations/297846515,yffea,cc-by-nc
garandiya,Ptyas mucosa,external/inaturalist/garandiya/297846515_536444808.jpg,297846515,https://www.inaturalist.org/observations/297846515,yffea,cc-by-nc
garandiya,Ptyas mucosa,external/inaturalist/garandiya/295782922_532512773.jpg,295782922,https://www.inaturalist.org/observations/295782922,joeybraat,cc-by-nc
garandiya,Ptyas mucosa,external/inaturalist/garandiya/294816733_530691096.jpg,294816733,https://www.inaturalist.org/observations/294816733,mcrembold,cc-by-nc
garandiya,Ptyas mucosa,external/inaturalist/garandiya/294816733_530691064.jpg,294816733,https://www.inaturalist.org/observations/294816733,mcrembold,cc-by-nc
garandiya,Ptyas mucosa,external/inaturalist/garandiya/292319674_526038105.jpg,292319674,https://www.inaturalist.org/observations/292319674,vivekastrand99,cc-by-nc
garandiya,Ptyas mucosa,external/inaturalist/garandiya/292319674_526038128.jpg,292319674,https://www.inaturalist.org/observations/292319674,vivekastrand99,cc-by-nc
garandiya,Ptyas mucosa,external/inaturalist/garandiya/289212709_520168435.jpg,289212709,https://www.inaturalist.org/observations/289212709,emstur525,cc-by-nc
garandiya,Ptyas mucosa,external/inaturalist/garandiya/283656188_509697586.jpg,283656188,https://www.inaturalist.org/observations/283656188,emajorova,cc-by-nc
garandiya,Ptyas mucosa,external/inaturalist/garandiya/283656188_509697603.jpg,283656188,https://www.inaturalist.org/observations/283656188,emajorova,cc-by-nc
garandiya,Ptyas mucosa,external/inaturalist/garandiya/278679874_500399980.jpg,278679874,https://www.inaturalist.org/observations/278679874,nebsterr_,cc-by-nc
garandiya,Ptyas mucosa,external/inaturalist/garandiya/278679874_500400015.jpg,278679874,https://www.inaturalist.org/observations/278679874,nebsterr_,cc-by-nc
garandiya,Ptyas mucosa,external/inaturalist/garandiya/277973681_499121370.jpg,277973681,https://www.inaturalist.org/observations/277973681,hvbelgium,cc-by-nc
garandiya,Ptyas mucosa,external/inaturalist/garandiya/277973681_499121404.jpg,277973681,https://www.inaturalist.org/observations/277973681,hvbelgium,cc-by-nc
garandiya,Ptyas mucosa,external/inaturalist/garandiya/277973681_499121377.jpg,277973681,https://www.inaturalist.org/observations/277973681,hvbelgium,cc-by-nc
garandiya,Ptyas mucosa,external/inaturalist/garandiya/277973681_499121393.jpg,277973681,https://www.inaturalist.org/observations/277973681,hvbelgium,cc-by-nc
garandiya,Ptyas mucosa,external/inaturalist/garandiya/277973681_499121406.jpg,277973681,https://www.inaturalist.org/observations/277973681,hvbelgium,cc-by-nc
garandiya,Ptyas mucosa,external/inaturalist/garandiya/276519555_529959526.jpg,276519555,https://www.inaturalist.org/observations/276519555,lisatad,cc-by-nc
garandiya,Ptyas mucosa,external/inaturalist/garandiya/276519555_529959567.jpg,276519555,https://www.inaturalist.org/observations/276519555,lisatad,cc-by-nc
garandiya,Ptyas mucosa,external/inaturalist/garandiya/276519555_529959610.jpg,276519555,https://www.inaturalist.org/observations/276519555,lisatad,cc-by-nc
garandiya,Ptyas mucosa,external/inaturalist/garandiya/276519555_529959670.jpg,276519555,https://www.inaturalist.org/observations/276519555,lisatad,cc-by-nc
garandiya,Ptyas mucosa,external/inaturalist/garandiya/271382977_488158162.jpg,271382977,https://www.inaturalist.org/observations/271382977,steiblys,cc-by-nc
garandiya,Ptyas mucosa,external/inaturalist/garandiya/269120556_483837444.jpg,269120556,https://www.inaturalist.org/observations/269120556,opisska,cc-by
garandiya,Ptyas mucosa,external/inaturalist/garandiya/269120556_483837428.jpg,269120556,https://www.inaturalist.org/observations/269120556,opisska,cc-by
garandiya,Ptyas mucosa,external/inaturalist/garandiya/268231355_482120530.jpg,268231355,https://www.inaturalist.org/observations/268231355,yurikast,cc-by-nc
garandiya,Ptyas mucosa,external/inaturalist/garandiya/268231355_482120631.jpg,268231355,https://www.inaturalist.org/observations/268231355,yurikast,cc-by-nc
garandiya,Ptyas mucosa,external/inaturalist/garandiya/268042158_481763231.jpg,268042158,https://www.inaturalist.org/observations/268042158,rovingrobson,cc-by-nc
garandiya,Ptyas mucosa,external/inaturalist/garandiya/267711836_481134796.jpg,267711836,https://www.inaturalist.org/observations/267711836,wolpertinger-rus,cc-by-nc
garandiya,Ptyas mucosa,external/inaturalist/garandiya/267308680_480365364.jpg,267308680,https://www.inaturalist.org/observations/267308680,mark_spicer,cc-by-nc
garandiya,Ptyas mucosa,external/inaturalist/garandiya/267308680_480365418.jpg,267308680,https://www.inaturalist.org/observations/267308680,mark_spicer,cc-by-nc
garandiya,Ptyas mucosa,external/inaturalist/garandiya/267204220_480162539.jpg,267204220,https://www.inaturalist.org/observations/267204220,ruseva,cc-by
garandiya,Ptyas mucosa,external/inaturalist/garandiya/266371925_478594298.jpg,266371925,https://www.inaturalist.org/observations/266371925,elvira_valieva,cc-by-nc
garandiya,Ptyas mucosa,external/inaturalist/garandiya/266129482_478129725.jpg,266129482,https://www.inaturalist.org/observations/266129482,malocorbin,cc-by-nc
garandiya,Ptyas mucosa,external/inaturalist/garandiya/263864921_474105773.jpg,263864921,https://www.inaturalist.org/observations/263864921,shtepbraiter,cc-by-nc
garandiya,Ptyas mucosa,external/inaturalist/garandiya/263864921_474105772.jpg,263864921,https://www.inaturalist.org/observations/263864921,shtepbraiter,cc-by-nc
garandiya,Ptyas mucosa,external/inaturalist/garandiya/263815837_474004752.jpg,263815837,https://www.inaturalist.org/observations/263815837,hatwise,cc-by
garandiya,Ptyas mucosa,external/inaturalist/garandiya/263815837_474005184.jpg,263815837,https://www.inaturalist.org/observations/263815837,hatwise,cc-by
garandiya,Ptyas mucosa,external/inaturalist/garandiya/262802185_471999247.jpg,262802185,https://www.inaturalist.org/observations/262802185,wrbkat,cc-by-nc
garandiya,Ptyas mucosa,external/inaturalist/garandiya/262802185_471999262.jpg,262802185,https://www.inaturalist.org/observations/262802185,wrbkat,cc-by-nc
garandiya,Ptyas mucosa,external/inaturalist/garandiya/262802185_471999273.jpg,262802185,https://www.inaturalist.org/observations/262802185,wrbkat,cc-by-nc
garandiya,Ptyas mucosa,external/inaturalist/garandiya/262802185_471999281.jpg,262802185,https://www.inaturalist.org/observations/262802185,wrbkat,cc-by-nc
garandiya,Ptyas mucosa,external/inaturalist/garandiya/262802185_471999289.jpg,262802185,https://www.inaturalist.org/observations/262802185,wrbkat,cc-by-nc
garandiya,Ptyas mucosa,external/inaturalist/garandiya/262802185_471999298.jpg,262802185,https://www.inaturalist.org/observations/262802185,wrbkat,cc-by-nc
garandiya,Ptyas mucosa,external/inaturalist/garandiya/262802185_471999305.jpg,262802185,https://www.inaturalist.org/observations/262802185,wrbkat,cc-by-nc
garandiya,Ptyas mucosa,external/inaturalist/garandiya/262802185_471999312.jpg,262802185,https://www.inaturalist.org/observations/262802185,wrbkat,cc-by-nc
garandiya,Ptyas mucosa,external/inaturalist/garandiya/262789572_471972460.jpg,262789572,https://www.inaturalist.org/observations/262789572,jagoda_,cc-by-nc
garandiya,Ptyas mucosa,external/inaturalist/garandiya/262789572_471972470.jpg,262789572,https://www.inaturalist.org/observations/262789572,jagoda_,cc-by-nc
garandiya,Ptyas mucosa,external/inaturalist/garandiya/261876006_470566210.jpg,261876006,https://www.inaturalist.org/observations/261876006,dancingbirder,cc-by-nc
garandiya,Ptyas mucosa,external/inaturalist/garandiya/261876006_470566239.jpg,261876006,https://www.inaturalist.org/observations/261876006,dancingbirder,cc-by-nc
garandiya,Ptyas mucosa,external/inaturalist/garandiya/261619300_470043751.jpg,261619300,https://www.inaturalist.org/observations/261619300,kinmatsu,cc-by-nc
garandiya,Ptyas mucosa,external/inaturalist/garandiya/261619300_470043772.jpg,261619300,https://www.inaturalist.org/observations/261619300,kinmatsu,cc-by-nc
garandiya,Ptyas mucosa,external/inaturalist/garandiya/261619300_470043777.jpg,261619300,https://www.inaturalist.org/observations/261619300,kinmatsu,cc-by-nc
garandiya,Ptyas mucosa,external/inaturalist/garandiya/261210252_469235336.jpg,261210252,https://www.inaturalist.org/observations/261210252,jo815,cc-by-nc
garandiya,Ptyas mucosa,external/inaturalist/garandiya/261094734_469004612.jpg,261094734,https://www.inaturalist.org/observations/261094734,dulyana_apoorva_wanigasooriya,cc-by-nc
garandiya,Ptyas mucosa,external/inaturalist/garandiya/261094734_469004623.jpg,261094734,https://www.inaturalist.org/observations/261094734,dulyana_apoorva_wanigasooriya,cc-by-nc
garandiya,Ptyas mucosa,external/inaturalist/garandiya/261094734_469004635.jpg,261094734,https://www.inaturalist.org/observations/261094734,dulyana_apoorva_wanigasooriya,cc-by-nc
garandiya,Ptyas mucosa,external/inaturalist/garandiya/260760305_468339215.jpg,260760305,https://www.inaturalist.org/observations/260760305,mark_spicer,cc-by-nc
garandiya,Ptyas mucosa,external/inaturalist/garandiya/260137547_467108294.jpg,260137547,https://www.inaturalist.org/observations/260137547,geoffrey-delahaye,cc-by-nc
garandiya,Ptyas mucosa,external/inaturalist/garandiya/259834987_466511887.jpg,259834987,https://www.inaturalist.org/observations/259834987,kindjay,cc-by-nc
garandiya,Ptyas mucosa,external/inaturalist/garandiya/259834987_466511888.jpg,259834987,https://www.inaturalist.org/observations/259834987,kindjay,cc-by-nc
garandiya,Ptyas mucosa,external/inaturalist/garandiya/259834987_466511889.jpg,259834987,https://www.inaturalist.org/observations/259834987,kindjay,cc-by-nc
garandiya,Ptyas mucosa,external/inaturalist/garandiya/259832841_466510419.jpg,259832841,https://www.inaturalist.org/observations/259832841,fedor_kondrachuk,cc-by-nc
garandiya,Ptyas mucosa,external/inaturalist/garandiya/259832841_466512452.jpg,259832841,https://www.inaturalist.org/observations/259832841,fedor_kondrachuk,cc-by-nc
kunakatuwa,Hypnale hypnale,external/inaturalist/kunakatuwa/326179906_590707608.jpg,326179906,https://www.inaturalist.org/observations/326179906,ssrikumar,cc-by-nc
kunakatuwa,Hypnale hypnale,external/inaturalist/kunakatuwa/325536984_589409687.jpg,325536984,https://www.inaturalist.org/observations/325536984,thuhiru_s,cc-by
kunakatuwa,Hypnale hypnale,external/inaturalist/kunakatuwa/325536984_589409705.jpg,325536984,https://www.inaturalist.org/observations/325536984,thuhiru_s,cc-by
kunakatuwa,Hypnale hypnale,external/inaturalist/kunakatuwa/325536984_589409699.jpg,325536984,https://www.inaturalist.org/observations/325536984,thuhiru_s,cc-by
kunakatuwa,Hypnale hypnale,external/inaturalist/kunakatuwa/325457109_589262460.jpg,325457109,https://www.inaturalist.org/observations/325457109,pasindu_dilshan,cc-by-nc
kunakatuwa,Hypnale hypnale,external/inaturalist/kunakatuwa/320127503_578760106.jpg,320127503,https://www.inaturalist.org/observations/320127503,yuwaree_k,cc-by-nc
kunakatuwa,Hypnale hypnale,external/inaturalist/kunakatuwa/320127503_578760137.jpg,320127503,https://www.inaturalist.org/observations/320127503,yuwaree_k,cc-by-nc
kunakatuwa,Hypnale hypnale,external/inaturalist/kunakatuwa/318564178_575764826.jpg,318564178,https://www.inaturalist.org/observations/318564178,shaveen_madushka,cc-by-nc
kunakatuwa,Hypnale hypnale,external/inaturalist/kunakatuwa/318564178_575764849.jpg,318564178,https://www.inaturalist.org/observations/318564178,shaveen_madushka,cc-by-nc
kunakatuwa,Hypnale hypnale,external/inaturalist/kunakatuwa/311650816_562608141.jpg,311650816,https://www.inaturalist.org/observations/311650816,leekelai,cc-by-nc
kunakatuwa,Hypnale hypnale,external/inaturalist/kunakatuwa/311650816_562608134.jpg,311650816,https://www.inaturalist.org/observations/311650816,leekelai,cc-by-nc
kunakatuwa,Hypnale hypnale,external/inaturalist/kunakatuwa/311650816_562608105.jpg,311650816,https://www.inaturalist.org/observations/311650816,leekelai,cc-by-nc
kunakatuwa,Hypnale hypnale,external/inaturalist/kunakatuwa/308667182_557450984.jpg,308667182,https://www.inaturalist.org/observations/308667182,nadina7,cc-by-nc
kunakatuwa,Hypnale hypnale,external/inaturalist/kunakatuwa/306873733_553447484.jpg,306873733,https://www.inaturalist.org/observations/306873733,dr_chandula_suriyapperuma,cc-by-nc
kunakatuwa,Hypnale hypnale,external/inaturalist/kunakatuwa/305279366_550385688.jpg,305279366,https://www.inaturalist.org/observations/305279366,simonhaas,cc-by-nc
kunakatuwa,Hypnale hypnale,external/inaturalist/kunakatuwa/305198606_550247408.jpg,305198606,https://www.inaturalist.org/observations/305198606,simonhaas,cc-by-nc
kunakatuwa,Hypnale hypnale,external/inaturalist/kunakatuwa/304714620_549346676.jpg,304714620,https://www.inaturalist.org/observations/304714620,simonhaas,cc-by-nc
kunakatuwa,Hypnale hypnale,external/inaturalist/kunakatuwa/303908134_547804254.jpg,303908134,https://www.inaturalist.org/observations/303908134,thilinahettiarachchi,cc-by-nc
kunakatuwa,Hypnale hypnale,external/inaturalist/kunakatuwa/300121851_540732922.jpg,300121851,https://www.inaturalist.org/observations/300121851,rumethj,cc-by-nc
kunakatuwa,Hypnale hypnale,external/inaturalist/kunakatuwa/290615278_522770972.jpg,290615278,https://www.inaturalist.org/observations/290615278,ededwarddd,cc-by-nc
kunakatuwa,Hypnale hypnale,external/inaturalist/kunakatuwa/290052653_521732924.jpg,290052653,https://www.inaturalist.org/observations/290052653,ededwarddd,cc-by-nc
kunakatuwa,Hypnale hypnale,external/inaturalist/kunakatuwa/290052653_521732923.jpg,290052653,https://www.inaturalist.org/observations/290052653,ededwarddd,cc-by-nc
kunakatuwa,Hypnale hypnale,external/inaturalist/kunakatuwa/288678739_519696002.jpg,288678739,https://www.inaturalist.org/observations/288678739,ededwarddd,cc-by-nc
kunakatuwa,Hypnale hypnale,external/inaturalist/kunakatuwa/288149157_519663885.jpg,288149157,https://www.inaturalist.org/observations/288149157,ededwarddd,cc-by-nc
kunakatuwa,Hypnale hypnale,external/inaturalist/kunakatuwa/287306468_516587089.jpg,287306468,https://www.inaturalist.org/observations/287306468,thuhiru_s,cc-by
kunakatuwa,Hypnale hypnale,external/inaturalist/kunakatuwa/287306468_516584838.jpg,287306468,https://www.inaturalist.org/observations/287306468,thuhiru_s,cc-by
kunakatuwa,Hypnale hypnale,external/inaturalist/kunakatuwa/287306468_516587290.jpg,287306468,https://www.inaturalist.org/observations/287306468,thuhiru_s,cc-by
kunakatuwa,Hypnale hypnale,external/inaturalist/kunakatuwa/287306468_516587122.jpg,287306468,https://www.inaturalist.org/observations/287306468,thuhiru_s,cc-by
kunakatuwa,Hypnale hypnale,external/inaturalist/kunakatuwa/287306468_516587112.jpg,287306468,https://www.inaturalist.org/observations/287306468,thuhiru_s,cc-by
kunakatuwa,Hypnale hypnale,external/inaturalist/kunakatuwa/285279772_512773311.jpg,285279772,https://www.inaturalist.org/observations/285279772,kevin_morales_mclernon,cc-by-nc
kunakatuwa,Hypnale hypnale,external/inaturalist/kunakatuwa/285279772_512773332.jpg,285279772,https://www.inaturalist.org/observations/285279772,kevin_morales_mclernon,cc-by-nc
kunakatuwa,Hypnale hypnale,external/inaturalist/kunakatuwa/285279772_512773371.jpg,285279772,https://www.inaturalist.org/observations/285279772,kevin_morales_mclernon,cc-by-nc
kunakatuwa,Hypnale hypnale,external/inaturalist/kunakatuwa/279850541_502572281.jpg,279850541,https://www.inaturalist.org/observations/279850541,vinolperera,cc-by-nc
kunakatuwa,Hypnale hypnale,external/inaturalist/kunakatuwa/279850541_502572322.jpg,279850541,https://www.inaturalist.org/observations/279850541,vinolperera,cc-by-nc
kunakatuwa,Hypnale hypnale,external/inaturalist/kunakatuwa/279850422_502572133.jpg,279850422,https://www.inaturalist.org/observations/279850422,vinolperera,cc-by-nc
kunakatuwa,Hypnale hypnale,external/inaturalist/kunakatuwa/279850422_502572184.jpg,279850422,https://www.inaturalist.org/observations/279850422,vinolperera,cc-by-nc
kunakatuwa,Hypnale hypnale,external/inaturalist/kunakatuwa/278644875_500334292.jpg,278644875,https://www.inaturalist.org/observations/278644875,jordanandcarlo,cc-by-nc
kunakatuwa,Hypnale hypnale,external/inaturalist/kunakatuwa/276690788_496859341.jpg,276690788,https://www.inaturalist.org/observations/276690788,sakuntha2,cc-by-nc
kunakatuwa,Hypnale hypnale,external/inaturalist/kunakatuwa/275554044_495109415.jpg,275554044,https://www.inaturalist.org/observations/275554044,clinton,cc-by-nc
kunakatuwa,Hypnale hypnale,external/inaturalist/kunakatuwa/275554044_495109495.jpg,275554044,https://www.inaturalist.org/observations/275554044,clinton,cc-by-nc
kunakatuwa,Hypnale hypnale,external/inaturalist/kunakatuwa/275554044_495109573.jpg,275554044,https://www.inaturalist.org/observations/275554044,clinton,cc-by-nc
kunakatuwa,Hypnale hypnale,external/inaturalist/kunakatuwa/272598882_490430820.jpg,272598882,https://www.inaturalist.org/observations/272598882,vinolperera,cc-by-nc
kunakatuwa,Hypnale hypnale,external/inaturalist/kunakatuwa/272598882_490430845.jpg,272598882,https://www.inaturalist.org/observations/272598882,vinolperera,cc-by-nc
kunakatuwa,Hypnale hypnale,external/inaturalist/kunakatuwa/272598577_490430223.jpg,272598577,https://www.inaturalist.org/observations/272598577,mark_spicer,cc-by-nc
kunakatuwa,Hypnale hypnale,external/inaturalist/kunakatuwa/269768887_485087939.jpg,269768887,https://www.inaturalist.org/observations/269768887,vinolperera,cc-by-nc
kunakatuwa,Hypnale hypnale,external/inaturalist/kunakatuwa/269613566_484788131.jpg,269613566,https://www.inaturalist.org/observations/269613566,stefanelena,cc-by-nc
kunakatuwa,Hypnale hypnale,external/inaturalist/kunakatuwa/268901747_483412295.jpg,268901747,https://www.inaturalist.org/observations/268901747,juliettepnc,cc-by-nc
kunakatuwa,Hypnale hypnale,external/inaturalist/kunakatuwa/268901747_483412301.jpg,268901747,https://www.inaturalist.org/observations/268901747,juliettepnc,cc-by-nc
kunakatuwa,Hypnale hypnale,external/inaturalist/kunakatuwa/268901747_483412299.jpg,268901747,https://www.inaturalist.org/observations/268901747,juliettepnc,cc-by-nc
kunakatuwa,Hypnale hypnale,external/inaturalist/kunakatuwa/263411607_473204134.jpg,263411607,https://www.inaturalist.org/observations/263411607,sebastian-voitel,cc-by-nc
kunakatuwa,Hypnale hypnale,external/inaturalist/kunakatuwa/263411597_473203909.jpg,263411597,https://www.inaturalist.org/observations/263411597,sebastian-voitel,cc-by-nc
kunakatuwa,Hypnale hypnale,external/inaturalist/kunakatuwa/261928156_470652910.jpg,261928156,https://www.inaturalist.org/observations/261928156,anujadp,cc-by-nc
kunakatuwa,Hypnale hypnale,external/inaturalist/kunakatuwa/261808890_470426374.jpg,261808890,https://www.inaturalist.org/observations/261808890,anujadp,cc-by-nc
kunakatuwa,Hypnale hypnale,external/inaturalist/kunakatuwa/261001958_468822234.jpg,261001958,https://www.inaturalist.org/observations/261001958,kaveeshakeerthirathna,cc-by-nc
kunakatuwa,Hypnale hypnale,external/inaturalist/kunakatuwa/261001958_468822253.jpg,261001958,https://www.inaturalist.org/observations/261001958,kaveeshakeerthirathna,cc-by-nc
kunakatuwa,Hypnale hypnale,external/inaturalist/kunakatuwa/260687871_468201090.jpg,260687871,https://www.inaturalist.org/observations/260687871,priyan111,cc-by-nc
kunakatuwa,Hypnale hypnale,external/inaturalist/kunakatuwa/258299301_463395396.jpg,258299301,https://www.inaturalist.org/observations/258299301,wimduran,cc-by-nc
kunakatuwa,Hypnale hypnale,external/inaturalist/kunakatuwa/257591268_462120674.jpg,257591268,https://www.inaturalist.org/observations/257591268,larsbertil,cc-by-nc
kunakatuwa,Hypnale hypnale,external/inaturalist/kunakatuwa/257591268_462167387.jpg,257591268,https://www.inaturalist.org/observations/257591268,larsbertil,cc-by-nc
kunakatuwa,Hypnale hypnale,external/inaturalist/kunakatuwa/255313412_457522026.jpg,255313412,https://www.inaturalist.org/observations/255313412,dulana007,cc-by-nc
kunakatuwa,Hypnale hypnale,external/inaturalist/kunakatuwa/255313412_457522058.jpg,255313412,https://www.inaturalist.org/observations/255313412,dulana007,cc-by-nc
kunakatuwa,Hypnale hypnale,external/inaturalist/kunakatuwa/255313412_457522100.jpg,255313412,https://www.inaturalist.org/observations/255313412,dulana007,cc-by-nc
kunakatuwa,Hypnale hypnale,external/inaturalist/kunakatuwa/255313412_457522354.jpg,255313412,https://www.inaturalist.org/observations/255313412,dulana007,cc-by-nc
kunakatuwa,Hypnale hypnale,external/inaturalist/kunakatuwa/252385514_451793939.jpg,252385514,https://www.inaturalist.org/observations/252385514,sturuss,cc0
kunakatuwa,Hypnale hypnale,external/inaturalist/kunakatuwa/252385514_451793938.jpg,252385514,https://www.inaturalist.org/observations/252385514,sturuss,cc0
kunakatuwa,Hypnale hypnale,external/inaturalist/kunakatuwa/252385514_451793941.jpg,252385514,https://www.inaturalist.org/observations/252385514,sturuss,cc0
kunakatuwa,Hypnale hypnale,external/inaturalist/kunakatuwa/251758492_450536376.jpg,251758492,https://www.inaturalist.org/observations/251758492,denisnikitenko,cc-by-nc
kunakatuwa,Hypnale hypnale,external/inaturalist/kunakatuwa/251758492_450536399.jpg,251758492,https://www.inaturalist.org/observations/251758492,denisnikitenko,cc-by-nc
kunakatuwa,Hypnale hypnale,external/inaturalist/kunakatuwa/251434538_449892658.jpg,251434538,https://www.inaturalist.org/observations/251434538,denisnikitenko,cc-by-nc
kunakatuwa,Hypnale hypnale,external/inaturalist/kunakatuwa/251434538_449892841.jpg,251434538,https://www.inaturalist.org/observations/251434538,denisnikitenko,cc-by-nc
kunakatuwa,Hypnale hypnale,external/inaturalist/kunakatuwa/251434538_449893008.jpg,251434538,https://www.inaturalist.org/observations/251434538,denisnikitenko,cc-by-nc
kunakatuwa,Hypnale hypnale,external/inaturalist/kunakatuwa/251422652_449870448.jpg,251422652,https://www.inaturalist.org/observations/251422652,denisnikitenko,cc-by-nc
kunakatuwa,Hypnale hypnale,external/inaturalist/kunakatuwa/251422652_449870465.jpg,251422652,https://www.inaturalist.org/observations/251422652,denisnikitenko,cc-by-nc
kunakatuwa,Hypnale hypnale,external/inaturalist/kunakatuwa/250016078_447044357.jpg,250016078,https://www.inaturalist.org/observations/250016078,pasindu_dilshan,cc-by-nc
kunakatuwa,Hypnale hypnale,external/inaturalist/kunakatuwa/249726586_446470447.jpg,249726586,https://www.inaturalist.org/observations/249726586,vikum96,cc-by-nc
kunakatuwa,Hypnale hypnale,external/inaturalist/kunakatuwa/249726586_446470464.jpg,249726586,https://www.inaturalist.org/observations/249726586,vikum96,cc-by-nc
kunakatuwa,Hypnale hypnale,external/inaturalist/kunakatuwa/249726586_446470480.jpg,249726586,https://www.inaturalist.org/observations/249726586,vikum96,cc-by-nc
kunakatuwa,Hypnale hypnale,external/inaturalist/kunakatuwa/248612600_444722389.jpg,248612600,https://www.inaturalist.org/observations/248612600,sangeeth_mendis,cc-by-nc
kunakatuwa,Hypnale hypnale,external/inaturalist/kunakatuwa/248612600_444722900.jpg,248612600,https://www.inaturalist.org/observations/248612600,sangeeth_mendis,cc-by-nc
kunakatuwa,Hypnale hypnale,external/inaturalist/kunakatuwa/246277085_439626996.jpg,246277085,https://www.inaturalist.org/observations/246277085,ruchiranethmina,cc-by-nc
kunakatuwa,Hypnale hypnale,external/inaturalist/kunakatuwa/246126546_439331843.jpg,246126546,https://www.inaturalist.org/observations/246126546,mark_spicer,cc-by-nc
kunakatuwa,Hypnale hypnale,external/inaturalist/kunakatuwa/246126546_439707374.jpg,246126546,https://www.inaturalist.org/observations/246126546,mark_spicer,cc-by-nc
kunakatuwa,Hypnale hypnale,external/inaturalist/kunakatuwa/242615102_432531377.jpg,242615102,https://www.inaturalist.org/observations/242615102,rumethj,cc-by-nc
kunakatuwa,Hypnale hypnale,external/inaturalist/kunakatuwa/242615102_432531419.jpg,242615102,https://www.inaturalist.org/observations/242615102,rumethj,cc-by-nc
kunakatuwa,Hypnale hypnale,external/inaturalist/kunakatuwa/242615102_432531452.jpg,242615102,https://www.inaturalist.org/observations/242615102,rumethj,cc-by-nc
kunakatuwa,Hypnale hypnale,external/inaturalist/kunakatuwa/242209484_431786455.jpg,242209484,https://www.inaturalist.org/observations/242209484,vinolperera,cc-by-nc
kunakatuwa,Hypnale hypnale,external/inaturalist/kunakatuwa/242209484_431786483.jpg,242209484,https://www.inaturalist.org/observations/242209484,vinolperera,cc-by-nc
kunakatuwa,Hypnale hypnale,external/inaturalist/kunakatuwa/242208431_431784339.jpg,242208431,https://www.inaturalist.org/observations/242208431,vinolperera,cc-by-nc
kunakatuwa,Hypnale hypnale,external/inaturalist/kunakatuwa/242208431_431784413.jpg,242208431,https://www.inaturalist.org/observations/242208431,vinolperera,cc-by-nc
kunakatuwa,Hypnale hypnale,external/inaturalist/kunakatuwa/241927943_431233040.jpg,241927943,https://www.inaturalist.org/observations/241927943,dulneth_wijewardana,cc-by-nc
kunakatuwa,Hypnale hypnale,external/inaturalist/kunakatuwa/241927943_431233116.jpg,241927943,https://www.inaturalist.org/observations/241927943,dulneth_wijewardana,cc-by-nc
kunakatuwa,Hypnale hypnale,external/inaturalist/kunakatuwa/241927943_431233105.jpg,241927943,https://www.inaturalist.org/observations/241927943,dulneth_wijewardana,cc-by-nc
kunakatuwa,Hypnale hypnale,external/inaturalist/kunakatuwa/241927929_431232425.jpg,241927929,https://www.inaturalist.org/observations/241927929,dulneth_wijewardana,cc-by-nc
kunakatuwa,Hypnale hypnale,external/inaturalist/kunakatuwa/238090749_423824672.jpg,238090749,https://www.inaturalist.org/observations/238090749,ingmar51,cc-by-nc
kunakatuwa,Hypnale hypnale,external/inaturalist/kunakatuwa/238090749_423825132.jpg,238090749,https://www.inaturalist.org/observations/238090749,ingmar51,cc-by-nc
kunakatuwa,Hypnale hypnale,external/inaturalist/kunakatuwa/238090749_423825138.jpg,238090749,https://www.inaturalist.org/observations/238090749,ingmar51,cc-by-nc
kunakatuwa,Hypnale hypnale,external/inaturalist/kunakatuwa/238090749_423825182.jpg,238090749,https://www.inaturalist.org/observations/238090749,ingmar51,cc-by-nc
kunakatuwa,Hypnale hypnale,external/inaturalist/kunakatuwa/235966557_419727892.jpg,235966557,https://www.inaturalist.org/observations/235966557,joachimbertrands_ornis_birding,cc-by-nc
kunakatuwa,Hypnale hypnale,external/inaturalist/kunakatuwa/235966557_419727908.jpg,235966557,https://www.inaturalist.org/observations/235966557,joachimbertrands_ornis_birding,cc-by-nc
kunakatuwa,Hypnale hypnale,external/inaturalist/kunakatuwa/235966557_419727882.jpg,235966557,https://www.inaturalist.org/observations/235966557,joachimbertrands_ornis_birding,cc-by-nc
kunakatuwa,Hypnale hypnale,external/inaturalist/kunakatuwa/235478167_418792859.jpg,235478167,https://www.inaturalist.org/observations/235478167,kaveeshakeerthirathna,cc-by-nc
kunakatuwa,Hypnale hypnale,external/inaturalist/kunakatuwa/235478104_418792805.jpg,235478104,https://www.inaturalist.org/observations/235478104,kaveeshakeerthirathna,cc-by-nc
kunakatuwa,Hypnale hypnale,external/inaturalist/kunakatuwa/235478104_418792828.jpg,235478104,https://www.inaturalist.org/observations/235478104,kaveeshakeerthirathna,cc-by-nc
kunakatuwa,Hypnale hypnale,external/inaturalist/kunakatuwa/235477654_418791557.jpg,235477654,https://www.inaturalist.org/observations/235477654,kaveeshakeerthirathna,cc-by-nc
kunakatuwa,Hypnale hypnale,external/inaturalist/kunakatuwa/235477654_418791605.jpg,235477654,https://www.inaturalist.org/observations/235477654,kaveeshakeerthirathna,cc-by-nc
kunakatuwa,Hypnale hypnale,external/inaturalist/kunakatuwa/235477628_418791510.jpg,235477628,https://www.inaturalist.org/observations/235477628,kaveeshakeerthirathna,cc-by-nc
kunakatuwa,Hypnale hypnale,external/inaturalist/kunakatuwa/234812986_417504194.jpg,234812986,https://www.inaturalist.org/observations/234812986,kaveeshakeerthirathna,cc-by-nc
kunakatuwa,Hypnale hypnale,external/inaturalist/kunakatuwa/230726894_409708691.jpg,230726894,https://www.inaturalist.org/observations/230726894,sehanc,cc-by-nc
kunakatuwa,Hypnale hypnale,external/inaturalist/kunakatuwa/230295480_408896913.jpg,230295480,https://www.inaturalist.org/observations/230295480,lasan_samarasinghe,cc-by-nc
kunakatuwa,Hypnale hypnale,external/inaturalist/kunakatuwa/230295480_408896961.jpg,230295480,https://www.inaturalist.org/observations/230295480,lasan_samarasinghe,cc-by-nc
kunakatuwa,Hypnale hypnale,external/inaturalist/kunakatuwa/230295480_408897002.jpg,230295480,https://www.inaturalist.org/observations/230295480,lasan_samarasinghe,cc-by-nc
kunakatuwa,Hypnale hypnale,external/inaturalist/kunakatuwa/229430670_407256574.jpg,229430670,https://www.inaturalist.org/observations/229430670,that_bee_guy,cc-by
kunakatuwa,Hypnale hypnale,external/inaturalist/kunakatuwa/225859367_400493255.jpg,225859367,https://www.inaturalist.org/observations/225859367,sehanc,cc-by-nc
kunakatuwa,Hypnale hypnale,external/inaturalist/kunakatuwa/225477315_399790504.jpg,225477315,https://www.inaturalist.org/observations/225477315,lasan_samarasinghe,cc-by-nc
kunakatuwa,Hypnale hypnale,external/inaturalist/kunakatuwa/225477315_399790647.jpg,225477315,https://www.inaturalist.org/observations/225477315,lasan_samarasinghe,cc-by-nc
kunakatuwa,Hypnale hypnale,external/inaturalist/kunakatuwa/224116924_397177139.jpg,224116924,https://www.inaturalist.org/observations/224116924,arabellawilling,cc-by
kunakatuwa,Hypnale hypnale,external/inaturalist/kunakatuwa/224116924_397177295.jpg,224116924,https://www.inaturalist.org/observations/224116924,arabellawilling,cc-by
kunakatuwa,Hypnale hypnale,external/inaturalist/kunakatuwa/224116924_397177315.jpg,224116924,https://www.inaturalist.org/observations/224116924,arabellawilling,cc-by
kunakatuwa,Hypnale hypnale,external/inaturalist/kunakatuwa/224116924_397177338.jpg,224116924,https://www.inaturalist.org/observations/224116924,arabellawilling,cc-by
kunakatuwa,Hypnale hypnale,external/inaturalist/kunakatuwa/224012489_396975470.jpg,224012489,https://www.inaturalist.org/observations/224012489,shanelle97,cc-by-nc
nidi-mapila,Boiga ceylonensis,external/inaturalist/nidi-mapila/166269723_287910016.jpg,166269723,https://www.inaturalist.org/observations/166269723,kaveeshakeerthirathna,cc-by-nc
nidi-mapila,Boiga ceylonensis,external/inaturalist/nidi-mapila/159173019_275011164.jpg,159173019,https://www.inaturalist.org/observations/159173019,kaveeshakeerthirathna,cc-by-nc
nidi-mapila,Boiga ceylonensis,external/inaturalist/nidi-mapila/154097822_266229270.jpg,154097822,https://www.inaturalist.org/observations/154097822,astrapia,cc-by-nc
nidi-mapila,Boiga ceylonensis,external/inaturalist/nidi-mapila/154097822_266229307.jpg,154097822,https://www.inaturalist.org/observations/154097822,astrapia,cc-by-nc
nidi-mapila,Boiga ceylonensis,external/inaturalist/nidi-mapila/154097822_266229344.jpg,154097822,https://www.inaturalist.org/observations/154097822,astrapia,cc-by-nc
nidi-mapila,Boiga ceylonensis,external/inaturalist/nidi-mapila/142199075_243756739.jpg,142199075,https://www.inaturalist.org/observations/142199075,maduka_mayuranga,cc-by-nc
nidi-mapila,Boiga ceylonensis,external/inaturalist/nidi-mapila/59609421_95254986.jpg,59609421,https://www.inaturalist.org/observations/59609421,ravisara_jayamanna,cc-by-nc
nidi-mapila,Boiga ceylonensis,external/inaturalist/nidi-mapila/49813396_79087169.jpg,49813396,https://www.inaturalist.org/observations/49813396,sanjaya_kanishka,cc-by-nc
nidi-mapila,Boiga ceylonensis,external/inaturalist/nidi-mapila/39684187_62983291.jpg,39684187,https://www.inaturalist.org/observations/39684187,saluni,cc-by-nc
nidi-mapila,Boiga ceylonensis,external/inaturalist/nidi-mapila/39684187_62983596.jpg,39684187,https://www.inaturalist.org/observations/39684187,saluni,cc-by-nc
nidi-mapila,Boiga ceylonensis,external/inaturalist/nidi-mapila/39684187_62983606.jpg,39684187,https://www.inaturalist.org/observations/39684187,saluni,cc-by-nc
nidi-mapila,Boiga ceylonensis,external/inaturalist/nidi-mapila/39684187_62983608.jpg,39684187,https://www.inaturalist.org/observations/39684187,saluni,cc-by-nc
nidi-mapila,Boiga ceylonensis,external/inaturalist/nidi-mapila/38391701_61008507.jpg,38391701,https://www.inaturalist.org/observations/38391701,sanjaya_kanishka,cc-by-nc
nidi-mapila,Boiga ceylonensis,external/inaturalist/nidi-mapila/32878170_51601012.jpg,32878170,https://www.inaturalist.org/observations/32878170,sullivanribbit,cc-by-nc
nidi-mapila,Boiga ceylonensis,external/inaturalist/nidi-mapila/32521072_51015714.jpg,32521072,https://www.inaturalist.org/observations/32521072,sanjaya_kanishka,cc-by-nc
nidi-mapila,Boiga ceylonensis,external/inaturalist/nidi-mapila/28923540_45113613.jpg,28923540,https://www.inaturalist.org/observations/28923540,chathuri_jayatissa,cc-by-nc
nidi-mapila,Boiga ceylonensis,external/inaturalist/nidi-mapila/24981204_38651101.jpg,24981204,https://www.inaturalist.org/observations/24981204,gomenwl,cc-by-nc
nidi-mapila,Boiga ceylonensis,external/inaturalist/nidi-mapila/19639685_30241610.jpg,19639685,https://www.inaturalist.org/observations/19639685,sanjaya_kanishka,cc-by-nc
nidi-mapila,Boiga ceylonensis,external/inaturalist/nidi-mapila/18124625_27712017.jpg,18124625,https://www.inaturalist.org/observations/18124625,workmonk,cc-by-nc
nidi-mapila,Boiga ceylonensis,external/inaturalist/nidi-mapila/18124625_27712021.jpg,18124625,https://www.inaturalist.org/observations/18124625,workmonk,cc-by-nc
nidi-mapila,Boiga ceylonensis,external/inaturalist/nidi-mapila/18124625_27712025.jpg,18124625,https://www.inaturalist.org/observations/18124625,workmonk,cc-by-nc
nidi-mapila,Boiga ceylonensis,external/inaturalist/nidi-mapila/18124625_27712028.jpg,18124625,https://www.inaturalist.org/observations/18124625,workmonk,cc-by-nc
nidi-mapila,Boiga ceylonensis,external/inaturalist/nidi-mapila/17948741_27426209.jpg,17948741,https://www.inaturalist.org/observations/17948741,lanka_wildlife,cc-by-nc
nidi-mapila,Boiga ceylonensis,external/inaturalist/nidi-mapila/13415245_19681588.jpg,13415245,https://www.inaturalist.org/observations/13415245,sanjaya_kanishka,cc-by-nc
pala-polanga,Craspedocephalus trigonocephalus,external/inaturalist/pala-polanga/350688649_639888136.jpg,350688649,https://www.inaturalist.org/observations/350688649,jasonvassallo,cc-by-nc
pala-polanga,Craspedocephalus trigonocephalus,external/inaturalist/pala-polanga/350135882_638801493.jpg,350135882,https://www.inaturalist.org/observations/350135882,carsten_renker,cc-by-nc
pala-polanga,Craspedocephalus trigonocephalus,external/inaturalist/pala-polanga/350029842_638591474.jpg,350029842,https://www.inaturalist.org/observations/350029842,gomenwl,cc-by-nc
pala-polanga,Craspedocephalus trigonocephalus,external/inaturalist/pala-polanga/349817590_638184925.jpg,349817590,https://www.inaturalist.org/observations/349817590,mssrbox,cc-by-nc
pala-polanga,Craspedocephalus trigonocephalus,external/inaturalist/pala-polanga/348863032_636306751.jpg,348863032,https://www.inaturalist.org/observations/348863032,yuihongchiu,cc-by-nc
pala-polanga,Craspedocephalus trigonocephalus,external/inaturalist/pala-polanga/348863032_636306743.jpg,348863032,https://www.inaturalist.org/observations/348863032,yuihongchiu,cc-by-nc
pala-polanga,Craspedocephalus trigonocephalus,external/inaturalist/pala-polanga/348863032_636306749.jpg,348863032,https://www.inaturalist.org/observations/348863032,yuihongchiu,cc-by-nc
pala-polanga,Craspedocephalus trigonocephalus,external/inaturalist/pala-polanga/348295051_635190362.jpg,348295051,https://www.inaturalist.org/observations/348295051,ilockwood,cc-by-nc
pala-polanga,Craspedocephalus trigonocephalus,external/inaturalist/pala-polanga/348067236_634739907.jpg,348067236,https://www.inaturalist.org/observations/348067236,unboundexpeditions,cc-by-nc
pala-polanga,Craspedocephalus trigonocephalus,external/inaturalist/pala-polanga/348067236_634739882.jpg,348067236,https://www.inaturalist.org/observations/348067236,unboundexpeditions,cc-by-nc
pala-polanga,Craspedocephalus trigonocephalus,external/inaturalist/pala-polanga/348067109_634739588.jpg,348067109,https://www.inaturalist.org/observations/348067109,unboundexpeditions,cc-by-nc
pala-polanga,Craspedocephalus trigonocephalus,external/inaturalist/pala-polanga/348067054_634739475.jpg,348067054,https://www.inaturalist.org/observations/348067054,unboundexpeditions,cc-by-nc
pala-polanga,Craspedocephalus trigonocephalus,external/inaturalist/pala-polanga/348066040_634737381.jpg,348066040,https://www.inaturalist.org/observations/348066040,unboundexpeditions,cc-by-nc
pala-polanga,Craspedocephalus trigonocephalus,external/inaturalist/pala-polanga/348062392_634730895.jpg,348062392,https://www.inaturalist.org/observations/348062392,unboundexpeditions,cc-by-nc
pala-polanga,Craspedocephalus trigonocephalus,external/inaturalist/pala-polanga/348022853_634652587.jpg,348022853,https://www.inaturalist.org/observations/348022853,leuli,cc-by-nc
pala-polanga,Craspedocephalus trigonocephalus,external/inaturalist/pala-polanga/346958047_632537261.jpg,346958047,https://www.inaturalist.org/observations/346958047,kasun_gonagala,cc-by-nc
pala-polanga,Craspedocephalus trigonocephalus,external/inaturalist/pala-polanga/346937759_632492988.jpg,346937759,https://www.inaturalist.org/observations/346937759,wildgifts,cc-by-nc
pala-polanga,Craspedocephalus trigonocephalus,external/inaturalist/pala-polanga/346937759_632493009.jpg,346937759,https://www.inaturalist.org/observations/346937759,wildgifts,cc-by-nc
pala-polanga,Craspedocephalus trigonocephalus,external/inaturalist/pala-polanga/346937759_632493017.jpg,346937759,https://www.inaturalist.org/observations/346937759,wildgifts,cc-by-nc
pala-polanga,Craspedocephalus trigonocephalus,external/inaturalist/pala-polanga/346937759_632493033.jpg,346937759,https://www.inaturalist.org/observations/346937759,wildgifts,cc-by-nc
pala-polanga,Craspedocephalus trigonocephalus,external/inaturalist/pala-polanga/346937759_632493051.jpg,346937759,https://www.inaturalist.org/observations/346937759,wildgifts,cc-by-nc
pala-polanga,Craspedocephalus trigonocephalus,external/inaturalist/pala-polanga/346937759_632493063.jpg,346937759,https://www.inaturalist.org/observations/346937759,wildgifts,cc-by-nc
pala-polanga,Craspedocephalus trigonocephalus,external/inaturalist/pala-polanga/346937759_632493083.jpg,346937759,https://www.inaturalist.org/observations/346937759,wildgifts,cc-by-nc
pala-polanga,Craspedocephalus trigonocephalus,external/inaturalist/pala-polanga/346937759_632493097.jpg,346937759,https://www.inaturalist.org/observations/346937759,wildgifts,cc-by-nc
pala-polanga,Craspedocephalus trigonocephalus,external/inaturalist/pala-polanga/346937759_632493113.jpg,346937759,https://www.inaturalist.org/observations/346937759,wildgifts,cc-by-nc
pala-polanga,Craspedocephalus trigonocephalus,external/inaturalist/pala-polanga/346598735_631822562.jpg,346598735,https://www.inaturalist.org/observations/346598735,jasonzhu2405,cc-by-nc
pala-polanga,Craspedocephalus trigonocephalus,external/inaturalist/pala-polanga/346533373_631696526.jpg,346533373,https://www.inaturalist.org/observations/346533373,gomenwl,cc-by-nc
pala-polanga,Craspedocephalus trigonocephalus,external/inaturalist/pala-polanga/345862145_630372182.jpg,345862145,https://www.inaturalist.org/observations/345862145,tation,cc-by-nc
pala-polanga,Craspedocephalus trigonocephalus,external/inaturalist/pala-polanga/345861552_630370817.jpg,345861552,https://www.inaturalist.org/observations/345861552,tation,cc-by-nc
pala-polanga,Craspedocephalus trigonocephalus,external/inaturalist/pala-polanga/345612745_629877553.jpg,345612745,https://www.inaturalist.org/observations/345612745,shanelle97,cc-by-nc
pala-polanga,Craspedocephalus trigonocephalus,external/inaturalist/pala-polanga/345436773_629536631.jpg,345436773,https://www.inaturalist.org/observations/345436773,madhuranga,cc-by-nc
pala-polanga,Craspedocephalus trigonocephalus,external/inaturalist/pala-polanga/344927299_628526130.jpg,344927299,https://www.inaturalist.org/observations/344927299,pawelp,cc-by-nc
pala-polanga,Craspedocephalus trigonocephalus,external/inaturalist/pala-polanga/344926922_628525134.jpg,344926922,https://www.inaturalist.org/observations/344926922,pawelp,cc-by-nc
pala-polanga,Craspedocephalus trigonocephalus,external/inaturalist/pala-polanga/344883376_628437506.jpg,344883376,https://www.inaturalist.org/observations/344883376,twan3253,cc-by
pala-polanga,Craspedocephalus trigonocephalus,external/inaturalist/pala-polanga/344693778_628082373.jpg,344693778,https://www.inaturalist.org/observations/344693778,afahawkins,cc-by-nc
pala-polanga,Craspedocephalus trigonocephalus,external/inaturalist/pala-polanga/344607923_627917661.jpg,344607923,https://www.inaturalist.org/observations/344607923,lodororada,cc-by-nc
pala-polanga,Craspedocephalus trigonocephalus,external/inaturalist/pala-polanga/343134706_624986643.jpg,343134706,https://www.inaturalist.org/observations/343134706,ilockwood,cc-by-nc
pala-polanga,Craspedocephalus trigonocephalus,external/inaturalist/pala-polanga/342947511_624592174.jpg,342947511,https://www.inaturalist.org/observations/342947511,aegolius99,cc-by-nc
pala-polanga,Craspedocephalus trigonocephalus,external/inaturalist/pala-polanga/342927882_624570265.jpg,342927882,https://www.inaturalist.org/observations/342927882,alanek,cc-by-nc
pala-polanga,Craspedocephalus trigonocephalus,external/inaturalist/pala-polanga/342909707_624533089.jpg,342909707,https://www.inaturalist.org/observations/342909707,rvp,cc-by-nc
pala-polanga,Craspedocephalus trigonocephalus,external/inaturalist/pala-polanga/342907170_624528963.jpg,342907170,https://www.inaturalist.org/observations/342907170,alanek,cc-by-nc
pala-polanga,Craspedocephalus trigonocephalus,external/inaturalist/pala-polanga/342721256_624155281.jpg,342721256,https://www.inaturalist.org/observations/342721256,marccronje,cc-by-nc
pala-polanga,Craspedocephalus trigonocephalus,external/inaturalist/pala-polanga/342683729_624094735.jpg,342683729,https://www.inaturalist.org/observations/342683729,afahawkins,cc-by-nc
pala-polanga,Craspedocephalus trigonocephalus,external/inaturalist/pala-polanga/342683729_624094752.jpg,342683729,https://www.inaturalist.org/observations/342683729,afahawkins,cc-by-nc
pala-polanga,Craspedocephalus trigonocephalus,external/inaturalist/pala-polanga/342613702_623953557.jpg,342613702,https://www.inaturalist.org/observations/342613702,kristinakris86,cc-by-nc
pala-polanga,Craspedocephalus trigonocephalus,external/inaturalist/pala-polanga/342556503_623840381.jpg,342556503,https://www.inaturalist.org/observations/342556503,are_zp,cc-by-nc
pala-polanga,Craspedocephalus trigonocephalus,external/inaturalist/pala-polanga/342060391_622834402.jpg,342060391,https://www.inaturalist.org/observations/342060391,britta6345,cc-by-nc
pala-polanga,Craspedocephalus trigonocephalus,external/inaturalist/pala-polanga/341819194_622345464.jpg,341819194,https://www.inaturalist.org/observations/341819194,wildscale_chronicles,cc-by-nc
pala-polanga,Craspedocephalus trigonocephalus,external/inaturalist/pala-polanga/341819194_622345511.jpg,341819194,https://www.inaturalist.org/observations/341819194,wildscale_chronicles,cc-by-nc
pala-polanga,Craspedocephalus trigonocephalus,external/inaturalist/pala-polanga/341819194_622345535.jpg,341819194,https://www.inaturalist.org/observations/341819194,wildscale_chronicles,cc-by-nc
pala-polanga,Craspedocephalus trigonocephalus,external/inaturalist/pala-polanga/341723264_622152578.jpg,341723264,https://www.inaturalist.org/observations/341723264,annabaeva,cc-by-nc
pala-polanga,Craspedocephalus trigonocephalus,external/inaturalist/pala-polanga/341715511_622138434.jpg,341715511,https://www.inaturalist.org/observations/341715511,annabaeva,cc-by-nc
pala-polanga,Craspedocephalus trigonocephalus,external/inaturalist/pala-polanga/341688557_622085078.jpg,341688557,https://www.inaturalist.org/observations/341688557,induja_udara,cc-by-nc
pala-polanga,Craspedocephalus trigonocephalus,external/inaturalist/pala-polanga/341505613_621708858.jpg,341505613,https://www.inaturalist.org/observations/341505613,haasbene,cc-by-nc
pala-polanga,Craspedocephalus trigonocephalus,external/inaturalist/pala-polanga/341505590_621708719.jpg,341505590,https://www.inaturalist.org/observations/341505590,haasbene,cc-by-nc
pala-polanga,Craspedocephalus trigonocephalus,external/inaturalist/pala-polanga/341505566_621708553.jpg,341505566,https://www.inaturalist.org/observations/341505566,haasbene,cc-by-nc
pala-polanga,Craspedocephalus trigonocephalus,external/inaturalist/pala-polanga/341505557_621708472.jpg,341505557,https://www.inaturalist.org/observations/341505557,haasbene,cc-by-nc
pala-polanga,Craspedocephalus trigonocephalus,external/inaturalist/pala-polanga/341505550_621707965.jpg,341505550,https://www.inaturalist.org/observations/341505550,haasbene,cc-by-nc
pala-polanga,Craspedocephalus trigonocephalus,external/inaturalist/pala-polanga/341446532_621586567.jpg,341446532,https://www.inaturalist.org/observations/341446532,craigscribbles,cc-by-nc
pala-polanga,Craspedocephalus trigonocephalus,external/inaturalist/pala-polanga/341120474_620915573.jpg,341120474,https://www.inaturalist.org/observations/341120474,beetlefriend1,cc-by-nc
pala-polanga,Craspedocephalus trigonocephalus,external/inaturalist/pala-polanga/340968633_620602592.jpg,340968633,https://www.inaturalist.org/observations/340968633,michael_montgomery1,cc-by-nc
pala-polanga,Craspedocephalus trigonocephalus,external/inaturalist/pala-polanga/340466452_619582998.jpg,340466452,https://www.inaturalist.org/observations/340466452,annikorca,cc-by-nc
pala-polanga,Craspedocephalus trigonocephalus,external/inaturalist/pala-polanga/340213765_619074646.jpg,340213765,https://www.inaturalist.org/observations/340213765,jteltser,cc-by-nc
pala-polanga,Craspedocephalus trigonocephalus,external/inaturalist/pala-polanga/339807973_618236133.jpg,339807973,https://www.inaturalist.org/observations/339807973,jimjimjim,cc-by-nc
pala-polanga,Craspedocephalus trigonocephalus,external/inaturalist/pala-polanga/339807973_618236156.jpg,339807973,https://www.inaturalist.org/observations/339807973,jimjimjim,cc-by-nc
pala-polanga,Craspedocephalus trigonocephalus,external/inaturalist/pala-polanga/339807580_618235293.jpg,339807580,https://www.inaturalist.org/observations/339807580,jimjimjim,cc-by-nc
pala-polanga,Craspedocephalus trigonocephalus,external/inaturalist/pala-polanga/339807225_618234863.jpg,339807225,https://www.inaturalist.org/observations/339807225,jimjimjim,cc-by-nc
pala-polanga,Craspedocephalus trigonocephalus,external/inaturalist/pala-polanga/339807225_618234884.jpg,339807225,https://www.inaturalist.org/observations/339807225,jimjimjim,cc-by-nc
pala-polanga,Craspedocephalus trigonocephalus,external/inaturalist/pala-polanga/339708272_618136079.jpg,339708272,https://www.inaturalist.org/observations/339708272,jimjimjim,cc-by-nc
pala-polanga,Craspedocephalus trigonocephalus,external/inaturalist/pala-polanga/339686267_618033598.jpg,339686267,https://www.inaturalist.org/observations/339686267,jimjimjim,cc-by-nc
pala-polanga,Craspedocephalus trigonocephalus,external/inaturalist/pala-polanga/339686267_618033678.jpg,339686267,https://www.inaturalist.org/observations/339686267,jimjimjim,cc-by-nc
pala-polanga,Craspedocephalus trigonocephalus,external/inaturalist/pala-polanga/339686267_618033834.jpg,339686267,https://www.inaturalist.org/observations/339686267,jimjimjim,cc-by-nc
pala-polanga,Craspedocephalus trigonocephalus,external/inaturalist/pala-polanga/339668724_617952849.jpg,339668724,https://www.inaturalist.org/observations/339668724,rashidchan,cc-by
pala-polanga,Craspedocephalus trigonocephalus,external/inaturalist/pala-polanga/339668721_617952797.jpg,339668721,https://www.inaturalist.org/observations/339668721,rashidchan,cc-by
pala-polanga,Craspedocephalus trigonocephalus,external/inaturalist/pala-polanga/339582630_617781369.jpg,339582630,https://www.inaturalist.org/observations/339582630,maxvezdehod,cc-by-nc
pala-polanga,Craspedocephalus trigonocephalus,external/inaturalist/pala-polanga/339582630_617781477.jpg,339582630,https://www.inaturalist.org/observations/339582630,maxvezdehod,cc-by-nc
pala-polanga,Craspedocephalus trigonocephalus,external/inaturalist/pala-polanga/339581251_617778723.jpg,339581251,https://www.inaturalist.org/observations/339581251,maxvezdehod,cc-by-nc
pala-polanga,Craspedocephalus trigonocephalus,external/inaturalist/pala-polanga/339581251_617778882.jpg,339581251,https://www.inaturalist.org/observations/339581251,maxvezdehod,cc-by-nc
pala-polanga,Craspedocephalus trigonocephalus,external/inaturalist/pala-polanga/339581251_617778946.jpg,339581251,https://www.inaturalist.org/observations/339581251,maxvezdehod,cc-by-nc
pala-polanga,Craspedocephalus trigonocephalus,external/inaturalist/pala-polanga/339581251_617779235.jpg,339581251,https://www.inaturalist.org/observations/339581251,maxvezdehod,cc-by-nc
pala-polanga,Craspedocephalus trigonocephalus,external/inaturalist/pala-polanga/339581251_617779410.jpg,339581251,https://www.inaturalist.org/observations/339581251,maxvezdehod,cc-by-nc
pala-polanga,Craspedocephalus trigonocephalus,external/inaturalist/pala-polanga/339580213_617777776.jpg,339580213,https://www.inaturalist.org/observations/339580213,maxvezdehod,cc-by-nc
pala-polanga,Craspedocephalus trigonocephalus,external/inaturalist/pala-polanga/339580213_617777928.jpg,339580213,https://www.inaturalist.org/observations/339580213,maxvezdehod,cc-by-nc
pala-polanga,Craspedocephalus trigonocephalus,external/inaturalist/pala-polanga/339580213_617778014.jpg,339580213,https://www.inaturalist.org/observations/339580213,maxvezdehod,cc-by-nc
pala-polanga,Craspedocephalus trigonocephalus,external/inaturalist/pala-polanga/339500592_617612836.jpg,339500592,https://www.inaturalist.org/observations/339500592,sergey_stefanov,cc-by-nc
pala-polanga,Craspedocephalus trigonocephalus,external/inaturalist/pala-polanga/339421272_617455146.jpg,339421272,https://www.inaturalist.org/observations/339421272,rosanne41,cc-by-nc
pala-polanga,Craspedocephalus trigonocephalus,external/inaturalist/pala-polanga/339415580_617443921.jpg,339415580,https://www.inaturalist.org/observations/339415580,pawelp,cc-by-nc
pala-polanga,Craspedocephalus trigonocephalus,external/inaturalist/pala-polanga/339405369_617422270.jpg,339405369,https://www.inaturalist.org/observations/339405369,rashidchan,cc-by
pala-polanga,Craspedocephalus trigonocephalus,external/inaturalist/pala-polanga/339405364_617422224.jpg,339405364,https://www.inaturalist.org/observations/339405364,rashidchan,cc-by
pala-polanga,Craspedocephalus trigonocephalus,external/inaturalist/pala-polanga/339362858_617334370.jpg,339362858,https://www.inaturalist.org/observations/339362858,pawelp,cc-by-nc
pala-polanga,Craspedocephalus trigonocephalus,external/inaturalist/pala-polanga/339268585_617143296.jpg,339268585,https://www.inaturalist.org/observations/339268585,benjaminderigs,cc-by-nc
pala-polanga,Craspedocephalus trigonocephalus,external/inaturalist/pala-polanga/339151274_616901252.jpg,339151274,https://www.inaturalist.org/observations/339151274,liiisap,cc-by-nc
pala-polanga,Craspedocephalus trigonocephalus,external/inaturalist/pala-polanga/339053537_616696410.jpg,339053537,https://www.inaturalist.org/observations/339053537,liiisap,cc-by-nc
pala-polanga,Craspedocephalus trigonocephalus,external/inaturalist/pala-polanga/339037106_616663946.jpg,339037106,https://www.inaturalist.org/observations/339037106,peppercorn46,cc-by-nc
pala-polanga,Craspedocephalus trigonocephalus,external/inaturalist/pala-polanga/338545365_615699160.jpg,338545365,https://www.inaturalist.org/observations/338545365,pollerspoeck_juergen,cc-by-nc
pala-polanga,Craspedocephalus trigonocephalus,external/inaturalist/pala-polanga/338545365_615699181.jpg,338545365,https://www.inaturalist.org/observations/338545365,pollerspoeck_juergen,cc-by-nc
pala-polanga,Craspedocephalus trigonocephalus,external/inaturalist/pala-polanga/338219288_615145644.jpg,338219288,https://www.inaturalist.org/observations/338219288,marccronje,cc-by-nc
pala-polanga,Craspedocephalus trigonocephalus,external/inaturalist/pala-polanga/338211250_615003802.jpg,338211250,https://www.inaturalist.org/observations/338211250,loic74704,cc-by-nc
pala-polanga,Craspedocephalus trigonocephalus,external/inaturalist/pala-polanga/337951989_614474716.jpg,337951989,https://www.inaturalist.org/observations/337951989,jolieharrison,cc-by-nc
pala-polanga,Craspedocephalus trigonocephalus,external/inaturalist/pala-polanga/337264594_613056754.jpg,337264594,https://www.inaturalist.org/observations/337264594,dhfischer,cc-by
pala-polanga,Craspedocephalus trigonocephalus,external/inaturalist/pala-polanga/337264593_613056759.jpg,337264593,https://www.inaturalist.org/observations/337264593,dhfischer,cc-by
pala-polanga,Craspedocephalus trigonocephalus,external/inaturalist/pala-polanga/337264592_613056724.jpg,337264592,https://www.inaturalist.org/observations/337264592,dhfischer,cc-by
pala-polanga,Craspedocephalus trigonocephalus,external/inaturalist/pala-polanga/337264591_613056716.jpg,337264591,https://www.inaturalist.org/observations/337264591,dhfischer,cc-by
pala-polanga,Craspedocephalus trigonocephalus,external/inaturalist/pala-polanga/336929462_612380191.jpg,336929462,https://www.inaturalist.org/observations/336929462,robertocabo,cc-by-nc
pala-polanga,Craspedocephalus trigonocephalus,external/inaturalist/pala-polanga/336322371_611146655.jpg,336322371,https://www.inaturalist.org/observations/336322371,imaan_fz,cc-by-nc
pala-polanga,Craspedocephalus trigonocephalus,external/inaturalist/pala-polanga/336321965_611145585.jpg,336321965,https://www.inaturalist.org/observations/336321965,babyphante,cc-by-nc
pala-polanga,Craspedocephalus trigonocephalus,external/inaturalist/pala-polanga/336306502_611113869.jpg,336306502,https://www.inaturalist.org/observations/336306502,charlotte_watte,cc-by-nc
pala-polanga,Craspedocephalus trigonocephalus,external/inaturalist/pala-polanga/336306402_611113749.jpg,336306402,https://www.inaturalist.org/observations/336306402,charlotte_watte,cc-by-nc
pala-polanga,Craspedocephalus trigonocephalus,external/inaturalist/pala-polanga/336123943_610747406.jpg,336123943,https://www.inaturalist.org/observations/336123943,adrien_jailloux,cc-by
pala-polanga,Craspedocephalus trigonocephalus,external/inaturalist/pala-polanga/336080450_610661007.jpg,336080450,https://www.inaturalist.org/observations/336080450,yelkouan,cc-by-nc
pala-polanga,Craspedocephalus trigonocephalus,external/inaturalist/pala-polanga/335806307_610116001.jpg,335806307,https://www.inaturalist.org/observations/335806307,gowrawa,cc-by-nc
pala-polanga,Craspedocephalus trigonocephalus,external/inaturalist/pala-polanga/335489886_609473506.jpg,335489886,https://www.inaturalist.org/observations/335489886,nady_zuyeva,cc-by-nc
pala-polanga,Craspedocephalus trigonocephalus,external/inaturalist/pala-polanga/335489886_609474370.jpg,335489886,https://www.inaturalist.org/observations/335489886,nady_zuyeva,cc-by-nc
pala-polanga,Craspedocephalus trigonocephalus,external/inaturalist/pala-polanga/335489886_609474386.jpg,335489886,https://www.inaturalist.org/observations/335489886,nady_zuyeva,cc-by-nc
pala-polanga,Craspedocephalus trigonocephalus,external/inaturalist/pala-polanga/335489886_609474406.jpg,335489886,https://www.inaturalist.org/observations/335489886,nady_zuyeva,cc-by-nc
pala-polanga,Craspedocephalus trigonocephalus,external/inaturalist/pala-polanga/335489886_609474420.jpg,335489886,https://www.inaturalist.org/observations/335489886,nady_zuyeva,cc-by-nc
pala-polanga,Craspedocephalus trigonocephalus,external/inaturalist/pala-polanga/335489886_609474441.jpg,335489886,https://www.inaturalist.org/observations/335489886,nady_zuyeva,cc-by-nc
pala-polanga,Craspedocephalus trigonocephalus,external/inaturalist/pala-polanga/335489886_609474464.jpg,335489886,https://www.inaturalist.org/observations/335489886,nady_zuyeva,cc-by-nc
pala-polanga,Craspedocephalus trigonocephalus,external/inaturalist/pala-polanga/335489886_609474490.jpg,335489886,https://www.inaturalist.org/observations/335489886,nady_zuyeva,cc-by-nc
pala-polanga,Craspedocephalus trigonocephalus,external/inaturalist/pala-polanga/335489886_609474508.jpg,335489886,https://www.inaturalist.org/observations/335489886,nady_zuyeva,cc-by-nc
pimbura,Python molurus,external/inaturalist/pimbura/20946475_32336009.jpg,20946475,https://www.inaturalist.org/observations/20946475,ahospers,cc-by
pimbura,Python molurus,external/inaturalist/pimbura/20946475_32336012.jpg,20946475,https://www.inaturalist.org/observations/20946475,ahospers,cc-by
pimbura,Python molurus,external/inaturalist/pimbura/20946475_32336021.jpg,20946475,https://www.inaturalist.org/observations/20946475,ahospers,cc-by
pimbura,Python molurus,external/inaturalist/pimbura/3832150_4483002.jpg,3832150,https://www.inaturalist.org/observations/3832150,gihanj,cc-by-nc
